actor,movie_or_TV_name
Constance Wu,You and Me Both
Constance Wu,Rich People Problems
Constance Wu,China Rich Girlfriend
Constance Wu,100 Years of Warner Bros.
Constance Wu,Velma
Constance Wu,"Lyle, Lyle, Crocodile"
Constance Wu,East Bay
Constance Wu,Celebrity Jeopardy!
Constance Wu,The Terminal List
Constance Wu,Halftime
Constance Wu,I Was a Simple Man
Constance Wu,Solos
Constance Wu,Wish Dragon
Constance Wu,All In: The Fight for Democracy
Constance Wu,Nine Minutes
Constance Wu,A Little Late with Lilly Singh
Constance Wu,Hustlers
Constance Wu,Tamron Hall
Constance Wu,Crow: The Legend
Constance Wu,Next Gen
Constance Wu,Crazy Rich Asians
Constance Wu,All the Creatures Were Stirring
Constance Wu,The Lego Ninjago Movie
Constance Wu,The Feels
Constance Wu,Dimension 404
Constance Wu,100 Years
Constance Wu,Close Up with The Hollywood Reporter
Constance Wu,Parallels
Constance Wu,Fresh Off the Boat
Constance Wu,High Moon
Constance Wu,Electric Slide
Constance Wu,Late Night with Seth Meyers
Constance Wu,Off Camera with Sam Jones
Constance Wu,Deadly Revenge
Constance Wu,Browsers
Constance Wu,Best Friends Forever
Constance Wu,EastSiders
Constance Wu,Watching TV with the Red Chinese
Constance Wu,Franklin & Bash
Constance Wu,Sound of My Voice
Constance Wu,Childrens Hospital
Constance Wu,Year of the Fish
Constance Wu,Stephanie Daley
Constance Wu,The Architect
Constance Wu,Torchwood
Constance Wu,Law & Order: Special Victims Unit
Constance Wu,The View
Constance Wu,The Daily Show
Constance Wu,LIVE with Kelly and Mark
Constance Wu,You and Me Both
Constance Wu,Mr. Malcolm's List
Jane Seow,Crazy Rich Asians
Paolo Frasson,My Policeman
Paolo Frasson,Crazy Rich Asians
Paolo Frasson,The Current War
Paolo Frasson,Assassin's Creed
Paolo Frasson,Inferno
Paolo Frasson,Before I Go to Sleep
Paolo Frasson,To Rome with Love
Paolo Frasson,The Bourne Supremacy
Paolo Frasson,When in Rome
Paolo Frasson,Cliffhanger
Paolo Frasson,Mission: Impossible III
Amaury Duquenne,La Peste
Amaury Duquenne,Serial Hunter
Amaury Duquenne,La Vie devant nous
Amaury Duquenne,God's Spy
Amaury Duquenne,A Silence
Amaury Duquenne,Inside
Amaury Duquenne,Tori and Lokita
Amaury Duquenne,Crazy Rich Asians
Amaury Duquenne,The Unknown Girl
Amaury Duquenne,The Lady in the Car with Glasses and a Gun
Amaury Duquenne,Pasolini
Amaury Duquenne,The Angels' Share
Amaury Duquenne,Route Irish
Amaury Duquenne,Looking for Eric
Amaury Duquenne,Des sables dessinés
Vanja Cernjul,Fuddy Meers
Vanja Cernjul,Kick and Scream
Vanja Cernjul,The Gilded Age
Vanja Cernjul,Here Today
Vanja Cernjul,Zoey's Extraordinary Playlist
Vanja Cernjul,The Lamb
Vanja Cernjul,The Perfection
Vanja Cernjul,Crazy Rich Asians
Vanja Cernjul,Marco Polo
Vanja Cernjul,Red Band Society
Vanja Cernjul,Adult Beginners
Vanja Cernjul,Handymen
Vanja Cernjul,Orange Is the New Black
Vanja Cernjul,The English Teacher
Vanja Cernjul,Violet & Daisy
Vanja Cernjul,City Island
Vanja Cernjul,Wristcutters: A Love Story
Vanja Cernjul,The Mudge Boy
Vanja Cernjul,American Psycho II: All American Girl
Vanja Cernjul,Ed Gein
Vanja Cernjul,The Photographer
Vanja Cernjul,I'll Take You There
Vanja Cernjul,Fishbelly White
Vanja Cernjul,Welcome to the Peak of Intelligence
Vanja Cernjul,Hand of the Master
Amy Wright,Avatar: The Way of Water
Amy Wright,Crazy Rich Asians
Amy Wright,"The Chronicles of Narnia: The Lion, the Witch and the Wardrobe"
Eric Bialas,Monsieur Spade
Eric Bialas,The Three Musketeers: Milady
Eric Bialas,The Three Musketeers: D'Artagnan
Eric Bialas,Asterix & Obelix: The Middle Kingdom
Eric Bialas,The Turning
Eric Bialas,The Best Is Yet to Come
Eric Bialas,Crazy Rich Asians
Eric Bialas,The Round Up
Eric Bialas,Zidane: A 21st Century Portrait
Eric Bialas,Brotherhood of the Wolf
Eric Bialas,The Ninth Gate
Eric Bialas,Ronin
Matthew Selkirk,The Many Saints of Newark
Matthew Selkirk,The Irishman
Matthew Selkirk,Can You Ever Forgive Me?
Matthew Selkirk,Crazy Rich Asians
Matthew Selkirk,Going in Style
Matthew Selkirk,The Amazing Spider-Man 2
Matthew Selkirk,Premium Rush
Matthew Selkirk,The Dictator
Matthew Selkirk,Bad Biology
Pardave Singh,Crazy Rich Asians
Mario Delić,Crazy Rich Asians
Mario Delić,Children of Sarajevo
Mario Delić,In the Neighbourhood of the City
Mario Delić,Croatia 2000 - Who Wants To Be A President
Gary Mackay,No Exit
Gary Mackay,Cowboy Bebop
Gary Mackay,Shadow in the Cloud
Gary Mackay,The Luminaries
Gary Mackay,Crazy Rich Asians
Gary Mackay,Do No Harm
Gary Mackay,Sparrow
Gary Mackay,Underworld: Rise of the Lycans
Gary Mackay,The Man Who Lost His Head
Gary Mackay,The Ferryman
Gary Mackay,Savage Honeymoon
Gary Mackay,The Devil's Chair
Andrew Baseman,Hocus Pocus 2
Andrew Baseman,Severance
Andrew Baseman,In the Heights
Andrew Baseman,The Trial of the Chicago 7
Andrew Baseman,Crazy Rich Asians
Andrew Baseman,Mindhunter
Andrew Baseman,The Normal Heart
Andrew Baseman,The Americans
Andrew Baseman,The Nanny Diaries
Andrew Baseman,Kinsey
Andrew Baseman,In the Cut
Andrew Baseman,People I Know
Andrew Baseman,3 A.M.
Andrew Baseman,Just Looking
Andrew Baseman,Jeffrey
Justine Dunn,Young Rock
Justine Dunn,Crazy Rich Asians
Justine Dunn,Harrow
Justine Dunn,Swinging Safari
Justine Dunn,Jungle
Justine Dunn,San Andreas
Justine Dunn,The Railway Man
Justine Dunn,The Great Raid
Justine Dunn,Scooby-Doo
Justine Dunn,Food for Ravens
Justine Dunn,Street Fighter
Jamie Monks,Bull
Jamie Monks,Crazy Rich Asians
Nelson Coates,Hocus Pocus 2
Nelson Coates,In the Heights
Nelson Coates,The Morning Show
Nelson Coates,On the Basis of Sex
Nelson Coates,Crazy Rich Asians
Nelson Coates,Fifty Shades Freed
Nelson Coates,Unforgettable
Nelson Coates,Fifty Shades Darker
Nelson Coates,Secret in Their Eyes
Nelson Coates,Hot Pursuit
Nelson Coates,The Guilt Trip
Nelson Coates,Flight
Nelson Coates,Big Miracle
Nelson Coates,The Last Song
Nelson Coates,The Proposal
Nelson Coates,Thick as Thieves
Nelson Coates,Prop 8: The Musical
Nelson Coates,The Express
Nelson Coates,School for Scoundrels
Nelson Coates,Aquamarine
Nelson Coates,Man of the House
Nelson Coates,Runaway Jury
Nelson Coates,Antwone Fisher
Nelson Coates,Impostor
Nelson Coates,Frailty
Nelson Coates,Don't Say a Word
Nelson Coates,Stir of Echoes
Nelson Coates,Living Out Loud
Nelson Coates,Disturbing Behavior
Nelson Coates,Kiss the Girls
Nelson Coates,Murder at 1600
Nelson Coates,Bastard Out of Carolina
Nelson Coates,Albino Alligator
Nelson Coates,Things to Do in Denver When You're Dead
Nelson Coates,The Stand
Nelson Coates,Blank Check
Nelson Coates,Three of Hearts
Nelson Coates,CB4
Nelson Coates,Universal Soldier
Nelson Coates,Cast a Deadly Spell
Nelson Coates,Murderous Vision
Nelson Coates,Problem Child
Nelson Coates,Murder at 1600
Pete Chiarelli,All Night Long
Pete Chiarelli,Untitled Holiday Comedy Project
Pete Chiarelli,Crazy Rich Asians
Pete Chiarelli,Now You See Me 2
Pete Chiarelli,The Proposal
Pete Chiarelli,The Other End of the Line
Pete Chiarelli,The Mysteries of Pittsburgh
Adele Lim,Joy Ride
Adele Lim,Raya and the Last Dragon
Adele Lim,Crazy Rich Asians
Adele Lim,Dynasty
Adele Lim,Lethal Weapon
Adele Lim,Star-Crossed
Adele Lim,Life Unexpected
Adele Lim,Life on Mars
Adele Lim,Private Practice
Adele Lim,Pepper Dennis
Adele Lim,One Tree Hill
Adele Lim,Las Vegas
Adele Lim,John Doe
Adele Lim,Joy Ride
Adele Lim,Life Unexpected
Adele Lim,Joy Ride
Briohny Aldersea,Crazy Rich Asians
Lindsay Adams,Nope
Lindsay Adams,Being the Ricardos
Lindsay Adams,Nest
Lindsay Adams,Crazy Rich Asians
Lindsay Adams,World Trade Center
Lindsay Adams,Stealth
Lindsay Adams,Sky Captain and the World of Tomorrow
Lindsay Adams,Ghost Ship
Lindsay Adams,The Bad Education Movie
Michael Tanton,Crazy Rich Asians
Michael Tanton,American Made
Andrew Bangel,Crazy Rich Asians
Nancy Nugent,Strays
Nancy Nugent,The Flash
Nancy Nugent,Renfield
Nancy Nugent,The Tender Bar
Nancy Nugent,The Tomorrow War
Nancy Nugent,Barb & Star Go to Vista Del Mar
Nancy Nugent,It Chapter Two
Nancy Nugent,Godzilla: King of the Monsters
Nancy Nugent,Crazy Rich Asians
Nancy Nugent,Now You See Me 2
Nancy Nugent,The Sea of Trees
Nancy Nugent,Goosebumps
Nancy Nugent,Terminator Genisys
Nancy Nugent,Spy
Nancy Nugent,Horrible Bosses 2
Nancy Nugent,Dawn of the Planet of the Apes
Nancy Nugent,Godzilla
Nancy Nugent,Django Unchained
Nancy Nugent,This Means War
Nancy Nugent,Hall Pass
Nancy Nugent,A Little Bit of Heaven
Nancy Nugent,Flipped
Nancy Nugent,Knight and Day
Nancy Nugent,A Nightmare on Elm Street
Nancy Nugent,Diary of a Wimpy Kid
Nancy Nugent,She's Out of My League
Nancy Nugent,Defiance
Nancy Nugent,Role Models
Nancy Nugent,Things We Lost in the Fire
Nancy Nugent,Little Miss Sunshine
Nancy Nugent,The Pink Panther
Nancy Nugent,The Island
Nancy Nugent,Lords of Dogtown
Nancy Nugent,Collateral
Nancy Nugent,The Girl Next Door
Nancy Nugent,Hollywood Homicide
Nancy Nugent,Basic
Nancy Nugent,A Mighty Wind
Nancy Nugent,One Hour Photo
Nancy Nugent,The Dangerous Lives of Altar Boys
Nancy Nugent,Cube 2: Hypercube
Nancy Nugent,Novocaine
Nancy Nugent,"Vegas, City of Dreams"
Nancy Nugent,Keeping the Faith
Nancy Nugent,Red Dirt
Nancy Nugent,Bats
John Marquis,The Nun II
John Marquis,Renfield
John Marquis,Jungle Cruise
John Marquis,In the Heights
John Marquis,Godzilla vs. Kong
John Marquis,The Water Man
John Marquis,Crazy Rich Asians
John Marquis,Pacific Rim: Uprising
John Marquis,Rings
John Marquis,Trolls
John Marquis,Now You See Me 2
John Marquis,Goosebumps
John Marquis,Transformers: Age of Extinction
John Marquis,Godzilla
John Marquis,Need for Speed
John Marquis,The Man with the Iron Fists
John Marquis,Transformers: Dark of the Moon
John Marquis,Megamind
John Marquis,Ramona and Beezus
John Marquis,Transformers: Revenge of the Fallen
John Marquis,The Taking of Pelham 1 2 3
John Marquis,Monsters vs Aliens
John Marquis,Quarantine
John Marquis,The Ruins
John Marquis,The Great Debaters
John Marquis,Lake Placid 2
John Marquis,Shark Bait
John Marquis,Dead Birds
John Marquis,Ash Tuesday
Scott Millan,A Journal for Jordan
Scott Millan,Trolls World Tour
Scott Millan,The Turning
Scott Millan,1917
Scott Millan,The Nutcracker and the Four Realms
Scott Millan,The Rookie
Scott Millan,Crazy Rich Asians
Scott Millan,Molly's Game
Scott Millan,The Foreigner
Scott Millan,Pirates of the Caribbean: Dead Men Tell No Tales
Scott Millan,Fences
Scott Millan,The Girl on the Train
Scott Millan,Spectre
Scott Millan,Terminator Genisys
Scott Millan,Get on Up
Scott Millan,Transformers: Age of Extinction
Scott Millan,Need for Speed
Scott Millan,RoboCop
Scott Millan,Delivery Man
Scott Millan,Pain & Gain
Scott Millan,Hansel & Gretel: Witch Hunters
Scott Millan,The Guilt Trip
Scott Millan,Skyfall
Scott Millan,Red Dawn
Scott Millan,The Help
Scott Millan,Captain America: The First Avenger
Scott Millan,Source Code
Scott Millan,The Tourist
Scott Millan,Wall Street: Money Never Sleeps
Scott Millan,The Other Guys
Scott Millan,Salt
Scott Millan,Love Ranch
Scott Millan,The Back-Up Plan
Scott Millan,G.I. Joe: The Rise of Cobra
Scott Millan,Funny People
Scott Millan,Revolutionary Road
Scott Millan,Semi-Pro
Scott Millan,The Bourne Ultimatum
Scott Millan,Knocked Up
Scott Millan,Freedom Writers
Scott Millan,Stranger Than Fiction
Scott Millan,World Trade Center
Scott Millan,Hot Tamale
Scott Millan,Ray
Scott Millan,Team America: World Police
Scott Millan,The Passion of the Christ
Scott Millan,Beyond Borders
Scott Millan,Under the Tuscan Sun
Scott Millan,Sweet Home Alabama
Scott Millan,Road to Perdition
Scott Millan,The Bourne Identity
Scott Millan,The Anarchist Cookbook
Scott Millan,Joe Somebody
Scott Millan,Shallow Hal
Scott Millan,Evolution
Scott Millan,Vertical Limit
Scott Millan,Gladiator
Scott Millan,American Beauty
Scott Millan,Stigmata
Scott Millan,"South Park: Bigger, Longer & Uncut"
Scott Millan,The Waterboy
Scott Millan,Jane Austen's Mafia!
Scott Millan,The Wedding Singer
Scott Millan,U Turn
Scott Millan,Fools Rush In
Scott Millan,Kingpin
Scott Millan,The Cable Guy
Scott Millan,Sabrina
Scott Millan,Jade
Scott Millan,Virtuosity
Scott Millan,Apollo 13
Scott Millan,Braveheart
Scott Millan,Billy Madison
Scott Millan,The Road to Wellville
Scott Millan,Love Affair
Scott Millan,Beverly Hills Cop III
Scott Millan,Ace Ventura: Pet Detective
Scott Millan,Schindler's List
Scott Millan,Benny & Joon
Scott Millan,Beethoven
Scott Millan,Cast a Deadly Spell
Scott Millan,The Doctor
Scott Millan,The Perfect Weapon
Scott Millan,Stolen: One Husband
Scott Millan,The World's Oldest Living Bridesmaid
Scott Millan,Side Out
Scott Millan,Directed by John Ford
Scott Millan,A Final Cut for Orson: 40 Years in the Making
Greg ten Bosch,The Last Voyage of the Demeter
Greg ten Bosch,The Flash
Greg ten Bosch,Spider-Man: Across the Spider-Verse
Greg ten Bosch,Renfield
Greg ten Bosch,Black Adam
Greg ten Bosch,Rumble
Greg ten Bosch,Jungle Cruise
Greg ten Bosch,Space Jam: A New Legacy
Greg ten Bosch,Bill & Ted Face the Music
Greg ten Bosch,Ava
Greg ten Bosch,The New Mutants
Greg ten Bosch,Bloodshot
Greg ten Bosch,Underwater
Greg ten Bosch,Men in Black: International
Greg ten Bosch,Instant Family
Greg ten Bosch,Crazy Rich Asians
Greg ten Bosch,Red Sparrow
Greg ten Bosch,Geostorm
Greg ten Bosch,Blade Runner 2049
Greg ten Bosch,The Boss Baby
Greg ten Bosch,Spectral
Greg ten Bosch,Masterminds
Greg ten Bosch,The Sea of Trees
Greg ten Bosch,Terminator Genisys
Greg ten Bosch,Penguins of Madagascar
Greg ten Bosch,Transformers: Age of Extinction
Greg ten Bosch,Godzilla
Greg ten Bosch,White House Down
Greg ten Bosch,Pain & Gain
Greg ten Bosch,Men in Black 3
Greg ten Bosch,Transformers: Dark of the Moon
Greg ten Bosch,Donkey's Christmas Shrektacular
Greg ten Bosch,The Karate Kid
Greg ten Bosch,Transformers: Revenge of the Fallen
Greg ten Bosch,The Pink Panther 2
Greg ten Bosch,Spider-Man 3
Greg ten Bosch,Rise: Blood Hunter
Greg ten Bosch,Catch and Release
Greg ten Bosch,The Da Vinci Code
Greg ten Bosch,Ask the Dust
Greg ten Bosch,Constantine
Greg ten Bosch,A Christmas Carol
Greg ten Bosch,Bad Santa
Greg ten Bosch,Charlie's Angels: Full Throttle
Greg ten Bosch,Equilibrium
Greg ten Bosch,I Spy
Greg ten Bosch,Scenes of the Crime
David Werntz,Ferrari
David Werntz,Spider-Man: Across the Spider-Verse
David Werntz,Black Adam
David Werntz,Morbius
David Werntz,Red Notice
David Werntz,The One
David Werntz,American Night
David Werntz,Malignant
David Werntz,Army of the Dead
David Werntz,Zack Snyder's Justice League
David Werntz,Bad Boys for Life
David Werntz,The Planters
David Werntz,"Love, Death & Robots"
David Werntz,Spider-Man: Into the Spider-Verse
David Werntz,Crazy Rich Asians
David Werntz,xXx: Return of Xander Cage
David Werntz,Sausage Party
David Werntz,Cloudy with a Chance of Meatballs 2
David Werntz,The Dyatlov Pass Incident
David Werntz,Red Dawn
David Werntz,Sucker Punch
David Werntz,G.I. Joe: The Rise of Cobra
David Werntz,12 Rounds
David Werntz,Watchmen
David Werntz,The Uninvited
David Werntz,Speed Racer
David Werntz,Terminator: The Sarah Connor Chronicles
David Werntz,The Condemned
David Werntz,300
David Werntz,The Island
David Werntz,Iron Jawed Angels
David Werntz,Fastlane
David Werntz,Pay It Forward
David Werntz,Deep Impact
John Sanacore,Spy Kids: Armageddon
John Sanacore,Hidden Strike
John Sanacore,Murder Mystery 2
John Sanacore,Bill & Ted Face the Music
John Sanacore,Star Trek: Picard
John Sanacore,Light of My Life
John Sanacore,Open 24 Hours
John Sanacore,Crazy Rich Asians
John Sanacore,Ibiza
John Sanacore,Fifty Shades Freed
John Sanacore,Downsizing
John Sanacore,Baywatch
John Sanacore,The Boss Baby
John Sanacore,Amateur Night
John Sanacore,Star Trek Beyond
John Sanacore,Last Days in the Desert
John Sanacore,The Finest Hours
John Sanacore,Paranormal Activity: The Ghost Dimension
John Sanacore,Hidden
John Sanacore,Insidious: Chapter 3
John Sanacore,Saints and Soldiers: The Void
John Sanacore,Rites of Spring
John Sanacore,The Possession
John Sanacore,Saints and Soldiers: Airborne Creed
John Sanacore,Bad Ass
John Sanacore,Sinister
John Sanacore,Morlocks
John Sanacore,Hood to Coast
John Sanacore,Tears of Gaza
John Sanacore,The 41–Year–Old Virgin Who Knocked Up Sarah Marshall and Felt Superbad About It
John Sanacore,Lightning Strikes
John Sanacore,The Hole
John Sanacore,The Hurt Locker
John Sanacore,Bunny Whipped
John Sanacore,Lost in Plainview
John Sanacore,Hammerhead
John Sanacore,Stars of the Pharaohs
John Sanacore,Better Luck Tomorrow
John Sanacore,Dreamland
Gabe Hilfer,The Creator
Gabe Hilfer,Teenage Mutant Ninja Turtles: Mutant Mayhem
Gabe Hilfer,White Men Can't Jump
Gabe Hilfer,Black Adam
Gabe Hilfer,Outer Range
Gabe Hilfer,Winning Time: The Rise of the Lakers Dynasty
Gabe Hilfer,Uncharted
Gabe Hilfer,Red Notice
Gabe Hilfer,Nine Perfect Strangers
Gabe Hilfer,Mare of Easttown
Gabe Hilfer,The Right Stuff
Gabe Hilfer,Kajillionaire
Gabe Hilfer,An American Pickle
Gabe Hilfer,Scoob!
Gabe Hilfer,The Way Back
Gabe Hilfer,The Outsider
Gabe Hilfer,Dickinson
Gabe Hilfer,Zombieland: Double Tap
Gabe Hilfer,Long Shot
Gabe Hilfer,If Beale Street Could Talk
Gabe Hilfer,Beautiful Boy
Gabe Hilfer,Venom
Gabe Hilfer,The Lie
Gabe Hilfer,Crazy Rich Asians
Gabe Hilfer,Bright
Gabe Hilfer,American Made
Gabe Hilfer,Snatched
Gabe Hilfer,The Disaster Artist
Gabe Hilfer,The Lego Batman Movie
Gabe Hilfer,The Accountant
Gabe Hilfer,Suicide Squad
Gabe Hilfer,Sausage Party
Gabe Hilfer,Central Intelligence
Gabe Hilfer,Creed
Gabe Hilfer,The Night Before
Gabe Hilfer,Supergirl
Gabe Hilfer,Sleeping with Other People
Gabe Hilfer,Puerto Ricans in Paris
Gabe Hilfer,Manglehorn
Gabe Hilfer,Get Hard
Gabe Hilfer,Blackhat
Gabe Hilfer,Playing It Cool
Gabe Hilfer,The Drop
Gabe Hilfer,Red Oaks
Gabe Hilfer,Need for Speed
Gabe Hilfer,The Spectacular Now
Gabe Hilfer,The Place Beyond the Pines
Gabe Hilfer,The Mindy Project
Gabe Hilfer,End of Watch
Gabe Hilfer,Mighty Fine
Gabe Hilfer,50/50
Gabe Hilfer,Black Swan
Christopher Moriana,Retribution
Christopher Moriana,Blue Beetle
Christopher Moriana,Shazam! Fury of the Gods
Christopher Moriana,The Little Things
Christopher Moriana,Tenet
Christopher Moriana,Light of My Life
Christopher Moriana,That's My Jazz
Christopher Moriana,Open 24 Hours
Christopher Moriana,Crazy Rich Asians
Christopher Moriana,Ibiza
Christopher Moriana,Fifty Shades Freed
Christopher Moriana,What Happened to Monday
Christopher Moriana,Transformers: The Last Knight
Christopher Moriana,Into the Storm
Christopher Moriana,Carrie
Christopher Moriana,Pacific Rim
Christopher Moriana,The Incredible Burt Wonderstone
Christopher Moriana,The Hunger Games
Christopher Moriana,Drive
Christopher Moriana,Horrible Bosses
Christopher Moriana,Scream 4
Christopher Moriana,Love Ranch
Christopher Moriana,Brothers
Christopher Moriana,In the Electric Mist
Christopher Moriana,Push
Christopher Moriana,Twilight
Christopher Moriana,Linha de Passe
Christopher Moriana,I Now Pronounce You Chuck & Larry
Christopher Moriana,Dreamgirls
Christopher Moriana,Smokin' Aces
Christopher Moriana,The Big White
Christopher Moriana,Ray
Christopher Moriana,Exorcist: The Beginning
Christopher Moriana,Blast from the Past
Christopher Moriana,The Lesser Evil
Christopher Moriana,Lost Highway
Christopher Moriana,Tin Cup
Christopher Moriana,Heat
Christopher Moriana,Showgirls
Christopher Moriana,Die Hard: With a Vengeance
Christopher Moriana,Before Sunrise
Christopher Moriana,The Puppet Masters
Christopher Moriana,The Sandlot
Michelle Pazer,Morbius
Michelle Pazer,Scream
Michelle Pazer,Barb & Star Go to Vista Del Mar
Michelle Pazer,Zack Snyder's Justice League
Michelle Pazer,Greyhound
Michelle Pazer,It Chapter Two
Michelle Pazer,The Curse of La Llorona
Michelle Pazer,Five Feet Apart
Michelle Pazer,Dumplin'
Michelle Pazer,A Star Is Born
Michelle Pazer,The House with a Clock in Its Walls
Michelle Pazer,Crazy Rich Asians
Michelle Pazer,Justice League
Michelle Pazer,The Foreigner
Michelle Pazer,What Happened to Monday
Michelle Pazer,The Dark Tower
Michelle Pazer,Wind River
Michelle Pazer,Ghost in the Shell
Michelle Pazer,Life
Michelle Pazer,The Last Face
Michelle Pazer,Fences
Michelle Pazer,Joy
Michelle Pazer,Concussion
Michelle Pazer,Spectre
Michelle Pazer,Insurgent
Michelle Pazer,Horrible Bosses 2
Michelle Pazer,Birdman or (The Unexpected Virtue of Ignorance)
Michelle Pazer,"Alexander and the Terrible, Horrible, No Good, Very Bad Day"
Michelle Pazer,Endless Love
Michelle Pazer,RoboCop
Michelle Pazer,Parkland
Michelle Pazer,Hansel & Gretel: Witch Hunters
Michelle Pazer,Crawlspace
Michelle Pazer,Final Destination 5
Michelle Pazer,Pirates of the Caribbean: On Stranger Tides
Michelle Pazer,London Boulevard
Michelle Pazer,RED
Michelle Pazer,Love Ranch
Michelle Pazer,Alice in Wonderland
Michelle Pazer,The Time Traveler's Wife
Michelle Pazer,The Tale of Despereaux
Michelle Pazer,While She Was Out
Michelle Pazer,Body of Lies
Michelle Pazer,Eagle Eye
Michelle Pazer,Never Back Down
Michelle Pazer,Rambo
Michelle Pazer,American Gangster
Michelle Pazer,The Bourne Ultimatum
Michelle Pazer,Open Season
Michelle Pazer,Snakes on a Plane
Michelle Pazer,The Benchwarmers
Michelle Pazer,Final Destination 3
Michelle Pazer,Flightplan
Michelle Pazer,The Island
Michelle Pazer,Me and You and Everyone We Know
Michelle Pazer,Ray
Michelle Pazer,The Bourne Supremacy
Michelle Pazer,Van Helsing
Michelle Pazer,The Last Samurai
Michelle Pazer,Freddy vs. Jason
Michelle Pazer,Willard
Michelle Pazer,Scooby-Doo
Michelle Pazer,John Q
Michelle Pazer,Black Hawk Down
Michelle Pazer,The One
Michelle Pazer,Evolution
Michelle Pazer,Pearl Harbor
Michelle Pazer,Hannibal
Michelle Pazer,The 6th Day
Michelle Pazer,The Patriot
Michelle Pazer,Boys and Girls
Michelle Pazer,Final Destination
Michelle Pazer,End of Days
Michelle Pazer,Soldier
Michelle Pazer,Flubber
Michelle Pazer,The Long Kiss Goodnight
Michelle Pazer,Color of Night
Michelle Pazer,Candyman
Michelle Pazer,Cellar Dweller
Kyle Griffiths,Crazy Rich Asians
Brian Tyler,Fast X: Part 2
Brian Tyler,Unicorn Academy
Brian Tyler,Fast X
Brian Tyler,The Super Mario Bros. Movie
Brian Tyler,Scream VI
Brian Tyler,Chip 'n Dale: Rescue Rangers
Brian Tyler,Redeeming Love
Brian Tyler,Scream
Brian Tyler,1883
Brian Tyler,Escape Room: Tournament of Champions
Brian Tyler,F9
Brian Tyler,Those Who Wish Me Dead
Brian Tyler,Clouds
Brian Tyler,Charlie's Angels
Brian Tyler,Rambo: Last Blood
Brian Tyler,Ready or Not
Brian Tyler,Five Feet Apart
Brian Tyler,What Men Want
Brian Tyler,Escape Room
Brian Tyler,Crazy Rich Asians
Brian Tyler,Yellowstone
Brian Tyler,Marvel's Spider-Man
Brian Tyler,The Power of the Present
Brian Tyler,The Mummy
Brian Tyler,The Fate of the Furious
Brian Tyler,Power Rangers
Brian Tyler,xXx: Return of Xander Cage
Brian Tyler,Vengadores Chiflados: La Era de Pultrón
Brian Tyler,The Disappointments Room
Brian Tyler,Now You See Me 2
Brian Tyler,Criminal
Brian Tyler,Truth
Brian Tyler,Avengers: Age of Ultron
Brian Tyler,Furious 7
Brian Tyler,Scorpion
Brian Tyler,Teenage Mutant Ninja Turtles
Brian Tyler,The Expendables 3
Brian Tyler,Into the Storm
Brian Tyler,Marvel Studios: Assembling a Universe
Brian Tyler,Marvel One-Shot: All Hail the King
Brian Tyler,Thor: The Dark World
Brian Tyler,Transformers Prime Beast Hunters: Predacons Rising
Brian Tyler,Sleepy Hollow
Brian Tyler,Standing Up
Brian Tyler,Now You See Me
Brian Tyler,Iron Man 3
Brian Tyler,John Dies at the End
Brian Tyler,Eighty-Six
Brian Tyler,The Expendables 2
Brian Tyler,Brake
Brian Tyler,Columbus Circle
Brian Tyler,Terra Nova
Brian Tyler,Final Destination 5
Brian Tyler,Fast Five
Brian Tyler,Tattoo
Brian Tyler,Battle: Los Angeles
Brian Tyler,Inferno: The Making of 'The Expendables'
Brian Tyler,Hawaii Five-0
Brian Tyler,The Expendables
Brian Tyler,Law Abiding Citizen
Brian Tyler,The Final Destination
Brian Tyler,Middle Men
Brian Tyler,Fast & Furious
Brian Tyler,Dragonball Evolution
Brian Tyler,The Killing Room
Brian Tyler,The Lazarus Project
Brian Tyler,Eagle Eye
Brian Tyler,Bangkok Dangerous
Brian Tyler,Rambo
Brian Tyler,Aliens vs Predator: Requiem
Brian Tyler,War
Brian Tyler,Partition
Brian Tyler,Finishing the Game: The Search for a New Bruce Lee
Brian Tyler,Bug
Brian Tyler,The Fast and the Furious: Tokyo Drift
Brian Tyler,Annapolis
Brian Tyler,Painkiller Jane
Brian Tyler,The Greatest Game Ever Played
Brian Tyler,Constantine
Brian Tyler,The Final Cut
Brian Tyler,Paparazzi
Brian Tyler,Godsend
Brian Tyler,Timeline
Brian Tyler,The Big Empty
Brian Tyler,Frank Herbert's Children of Dune
Brian Tyler,The Hunted
Brian Tyler,Darkness Falls
Brian Tyler,Thoughtcrimes
Brian Tyler,Vampires: Los Muertos
Brian Tyler,Bubba Ho-tep
Brian Tyler,Last Call
Brian Tyler,Jane Doe
Brian Tyler,Frailty
Brian Tyler,Plan B
Brian Tyler,Panic
Brian Tyler,Terror Tract
Brian Tyler,Shadow Hours
Brian Tyler,Four Dogs Playing Poker
Brian Tyler,Trapped in a Purple Haze
Brian Tyler,Sirens
Brian Tyler,The 4th Floor
Brian Tyler,Simon Sez
Brian Tyler,The Settlement
Brian Tyler,Six-String Samurai
Brian Tyler,Final Justice
Brian Tyler,Bartender
Brian Tyler,Vegas Needs a New King: The Making of Six-String Samurai
Brian Tyler,Score: A Film Music Documentary
Brian Tyler,From the Ashes: Post-Production and Release of 'The Expendables'
Brian Tyler,Skyline
Thomas J. O'Connell,My Father's Dragon
Thomas J. O'Connell,Reminiscence
Thomas J. O'Connell,Those Who Wish Me Dead
Thomas J. O'Connell,Bad Hair
Thomas J. O'Connell,Barb & Star Go to Vista Del Mar
Thomas J. O'Connell,Zack Snyder's Justice League
Thomas J. O'Connell,Superintelligence
Thomas J. O'Connell,Roald Dahl's The Witches
Thomas J. O'Connell,Tenet
Thomas J. O'Connell,Greyhound
Thomas J. O'Connell,Bombshell
Thomas J. O'Connell,Knives Out
Thomas J. O'Connell,Joker
Thomas J. O'Connell,Hustlers
Thomas J. O'Connell,It Chapter Two
Thomas J. O'Connell,Annabelle Comes Home
Thomas J. O'Connell,Instant Family
Thomas J. O'Connell,First Man
Thomas J. O'Connell,Bad Times at the El Royale
Thomas J. O'Connell,A Star Is Born
Thomas J. O'Connell,Smallfoot
Thomas J. O'Connell,Crazy Rich Asians
Thomas J. O'Connell,The Spy Who Dumped Me
Thomas J. O'Connell,Mamma Mia! Here We Go Again
Thomas J. O'Connell,Ibiza
Thomas J. O'Connell,Red Sparrow
Thomas J. O'Connell,Game Night
Thomas J. O'Connell,The Post
Thomas J. O'Connell,Daddy's Home 2
Thomas J. O'Connell,It
Thomas J. O'Connell,Annabelle: Creation
Thomas J. O'Connell,Wind River
Thomas J. O'Connell,Sandy Wexler
Thomas J. O'Connell,The Fate of the Furious
Thomas J. O'Connell,CHiPS
Thomas J. O'Connell,The Lego Batman Movie
Thomas J. O'Connell,The Great Wall
Thomas J. O'Connell,Incarnate
Thomas J. O'Connell,The Conjuring 2
Thomas J. O'Connell,Warcraft
Thomas J. O'Connell,Daddy's Home
Thomas J. O'Connell,Sicario
Thomas J. O'Connell,Black Mass
Thomas J. O'Connell,Our Brand Is Crisis
Thomas J. O'Connell,Magic Mike XXL
Thomas J. O'Connell,Jurassic World
Thomas J. O'Connell,Spy
Thomas J. O'Connell,Get Hard
Thomas J. O'Connell,Fifty Shades of Grey
Thomas J. O'Connell,Horrible Bosses 2
Thomas J. O'Connell,Interstellar
Thomas J. O'Connell,Gone Girl
Thomas J. O'Connell,This Is Where I Leave You
Thomas J. O'Connell,Winter's Tale
Thomas J. O'Connell,Endless Love
Thomas J. O'Connell,The Lego Movie
Thomas J. O'Connell,Her
Thomas J. O'Connell,Prisoners
Thomas J. O'Connell,The Conjuring
Thomas J. O'Connell,Pacific Rim
Thomas J. O'Connell,The Incredible Burt Wonderstone
Thomas J. O'Connell,The Factory
Thomas J. O'Connell,The Words
Thomas J. O'Connell,The Bourne Legacy
Thomas J. O'Connell,Ruby Sparks
Thomas J. O'Connell,The Dark Knight Rises
Thomas J. O'Connell,Rock of Ages
Thomas J. O'Connell,In Time
Thomas J. O'Connell,Real Steel
Thomas J. O'Connell,The Hangover Part II
Thomas J. O'Connell,Fast Five
Thomas J. O'Connell,Water for Elephants
Thomas J. O'Connell,Arthur
Thomas J. O'Connell,Hall Pass
Thomas J. O'Connell,Little Fockers
Thomas J. O'Connell,Stone
Thomas J. O'Connell,Going the Distance
Thomas J. O'Connell,Inception
Thomas J. O'Connell,The Crazies
Thomas J. O'Connell,The Ugly Truth
Thomas J. O'Connell,Land of the Lost
Thomas J. O'Connell,The Hangover
Thomas J. O'Connell,Terminator Salvation
Thomas J. O'Connell,Monsters vs Aliens
Thomas J. O'Connell,12 Rounds
Thomas J. O'Connell,Pride and Glory
Thomas J. O'Connell,Tropic Thunder
Thomas J. O'Connell,The Sisterhood of the Traveling Pants 2
Thomas J. O'Connell,There Will Be Blood
Thomas J. O'Connell,Fred Claus
Thomas J. O'Connell,American Gangster
Thomas J. O'Connell,Bee Movie
Thomas J. O'Connell,Lions for Lambs
Thomas J. O'Connell,The Bourne Ultimatum
Thomas J. O'Connell,Ratatouille
Thomas J. O'Connell,The Condemned
Thomas J. O'Connell,Disturbia
Thomas J. O'Connell,The Last Kiss
Thomas J. O'Connell,The Illusionist
Thomas J. O'Connell,A Scanner Darkly
Thomas J. O'Connell,The Break-Up
Thomas J. O'Connell,Lord of War
Thomas J. O'Connell,Brokeback Mountain
Thomas J. O'Connell,The Island
Thomas J. O'Connell,House of Wax
Thomas J. O'Connell,Constantine
Thomas J. O'Connell,Million Dollar Baby
Thomas J. O'Connell,The Life Aquatic with Steve Zissou
Thomas J. O'Connell,Blade: Trinity
Thomas J. O'Connell,Catwoman
Thomas J. O'Connell,Man on Fire
Thomas J. O'Connell,Iron Jawed Angels
Thomas J. O'Connell,The Matrix Revolutions
Thomas J. O'Connell,The League of Extraordinary Gentlemen
Thomas J. O'Connell,Bruce Almighty
Thomas J. O'Connell,The Matrix Reloaded
Thomas J. O'Connell,Malibu's Most Wanted
Thomas J. O'Connell,The Core
Thomas J. O'Connell,How to Lose a Guy in 10 Days
Thomas J. O'Connell,Punch-Drunk Love
Thomas J. O'Connell,Blood Work
Thomas J. O'Connell,Like Mike
Thomas J. O'Connell,Men in Black II
Thomas J. O'Connell,Death to Smoochy
Thomas J. O'Connell,Black Hawk Down
Thomas J. O'Connell,Thir13en Ghosts
Thomas J. O'Connell,Little Nicky
Thomas J. O'Connell,Red Planet
Thomas J. O'Connell,Pay It Forward
Thomas J. O'Connell,Gone in Sixty Seconds
Thomas J. O'Connell,The Whole Nine Yards
Thomas J. O'Connell,Magnolia
Thomas J. O'Connell,House on Haunted Hill
Thomas J. O'Connell,"Mystery, Alaska"
Thomas J. O'Connell,Stigmata
Thomas J. O'Connell,Wild Wild West
Thomas J. O'Connell,The Matrix
Thomas J. O'Connell,Enemy of the State
Thomas J. O'Connell,Last Night
Thomas J. O'Connell,Armageddon
Thomas J. O'Connell,Hope Floats
Thomas J. O'Connell,City of Angels
Thomas J. O'Connell,Mercury Rising
Thomas J. O'Connell,Jackie Brown
Thomas J. O'Connell,As Good as It Gets
Thomas J. O'Connell,The Devil's Advocate
Thomas J. O'Connell,Dante's Peak
Thomas J. O'Connell,Nightwatch
Thomas J. O'Connell,Metro
Thomas J. O'Connell,Space Jam
Thomas J. O'Connell,The Ghost and the Darkness
Thomas J. O'Connell,Last Man Standing
Thomas J. O'Connell,Tin Cup
Thomas J. O'Connell,Executive Decision
Thomas J. O'Connell,Broken Arrow
Thomas J. O'Connell,Twelve Monkeys
Thomas J. O'Connell,Steal Big Steal Little
Thomas J. O'Connell,Se7en
Thomas J. O'Connell,Waterworld
Thomas J. O'Connell,The Usual Suspects
Thomas J. O'Connell,Species
Thomas J. O'Connell,A Walk in the Clouds
Thomas J. O'Connell,Outbreak
Thomas J. O'Connell,Street Fighter
Thomas J. O'Connell,Ri¢hie Ri¢h
Thomas J. O'Connell,Drop Zone
Thomas J. O'Connell,The Shawshank Redemption
Thomas J. O'Connell,Grumpy Old Men
Thomas J. O'Connell,Diggstown
Thomas J. O'Connell,Basic Instinct
Thomas J. O'Connell,They Live
Thomas J. O'Connell,The Land Before Time
Jonathan Klein,The Creator
Jonathan Klein,6 Underground
Jonathan Klein,Bumblebee
Jonathan Klein,Crazy Rich Asians
Jonathan Klein,Rings
Jonathan Klein,The Huntsman: Winter's War
Jonathan Klein,Goosebumps
Jonathan Klein,Penguins of Madagascar
Jonathan Klein,Delivery Man
Jonathan Klein,The Taking of Pelham 1 2 3
Jonathan Klein,Monsters vs Aliens
Jonathan Klein,Valkyrie
Jonathan Klein,The Ruins
Jonathan Klein,Leatherheads
Jonathan Klein,The Great Debaters
Jonathan Klein,The Assassination of Jesse James by the Coward Robert Ford
Jonathan Klein,The Last Kiss
Jonathan Klein,Nacho Libre
Jonathan Klein,Elizabethtown
Jonathan Klein,Four Brothers
Jonathan Klein,Miss Congeniality 2: Armed and Fabulous
Jonathan Klein,The Life Aquatic with Steve Zissou
Jonathan Klein,Agent Emes 3: The Case of the Missing Pushka
Jonathan Klein,The Passion of the Christ
Jonathan Klein,The Adventures of Agent Emes
Jonathan Klein,Gigli
Jonathan Klein,National Security
Jonathan Klein,Riding in Cars with Boys
Jonathan Klein,Meet the Parents
Jonathan Klein,Three Kings
Jonathan Klein,The Mummy
Jonathan Klein,Armageddon
Jonathan Klein,As Good as It Gets
Jonathan Klein,Turbulence
Jonathan Klein,The Usual Suspects
Jonathan Klein,Billy Madison
Jonathan Klein,My Girl 2
Jonathan Klein,Mr. Saturday Night
Jonathan Klein,Grand Canyon
Jonathan Klein,Necessary Roughness
Jonathan Klein,Cry-Baby
Jelena Blažić,Crazy Rich Asians
Jelena Blažić,Papillon
Jelena Blažić,Chernobyl Diaries
Jelena Blažić,Lockout
Tony Johnson,Mulan
Tony Johnson,Crazy Rich Asians
Tony Johnson,Pete's Dragon
Tony Johnson,The Hobbit: The Desolation of Smaug
Tony Johnson,The Hobbit: An Unexpected Journey
Tony Johnson,Avatar
Tony Johnson,Bridge to Terabithia
Tony Johnson,"The Chronicles of Narnia: The Lion, the Witch and the Wardrobe"
Tony Johnson,Atomic Twister
Tony Johnson,Hercules: The Legendary Journeys
Tony Johnson,Hercules: The Legendary Journeys
Andrew Cochrane,Mulan
Andrew Cochrane,Crazy Rich Asians
Andrew Cochrane,The Meg
Andrew Cochrane,Avatar
Andrew Cochrane,Super Sweet 16: The Movie
Andrew Cochrane,Smoke 'Em If You Got 'Em
Nina Jacobson,The Sterling Affairs
Nina Jacobson,American Love Story
Nina Jacobson,American Sports Story
Nina Jacobson,Rich People Problems
Nina Jacobson,The Hunger Games: The Ballad of Songbirds & Snakes
Nina Jacobson,Class of '09
Nina Jacobson,Diary of a Wimpy Kid
Nina Jacobson,Y: The Last Man
Nina Jacobson,All Day and a Night
Nina Jacobson,The Goldfinch
Nina Jacobson,"Where'd You Go, Bernadette"
Nina Jacobson,Ben Is Back
Nina Jacobson,Crazy Rich Asians
Nina Jacobson,Pose
Nina Jacobson,Diary of a Wimpy Kid: The Long Haul
Nina Jacobson,American Crime Story
Nina Jacobson,The Hunger Games: Mockingjay - Part 2
Nina Jacobson,The Hunger Games: Mockingjay - Part 1
Nina Jacobson,The Hunger Games: Catching Fire
Nina Jacobson,Diary of a Wimpy Kid: Dog Days
Nina Jacobson,The Hunger Games
Nina Jacobson,Diary of a Wimpy Kid: Rodrick Rules
Nina Jacobson,One Day
Nina Jacobson,Diary of a Wimpy Kid
Nina Jacobson,This Changes Everything
Nina Jacobson,Pawns No More: The Making of The Hunger Games: Mockingjay Part 2
Nina Jacobson,Close Up with The Hollywood Reporter
Nina Jacobson,The Mockingjay Lives: The Making of the Hunger Games: Mockingjay Part 1
Nina Jacobson,Straight From The Heart: A Tribute To Philip Seymour Hoffman
Nina Jacobson,Surviving the Game: Making The Hunger Games: Catching Fire
Nina Jacobson,The World Is Watching: Making the Hunger Games
Nina Jacobson,Antz
John Penotti,Alice + Freda Forever
John Penotti,The Silent Wife
John Penotti,Virgo and the Sparklings
John Penotti,Sri Asih
John Penotti,Nightmare
John Penotti,Thai Cave Rescue
John Penotti,Lara Ati
John Penotti,Final Cut
John Penotti,Akhirat: A Love Story
John Penotti,India Sweets and Spices
John Penotti,The Box
John Penotti,Palmer
John Penotti,Strange but True
John Penotti,The Sky Is Pink
John Penotti,Delhi Crime
John Penotti,Greta
John Penotti,Crazy Rich Asians
John Penotti,The Book of Henry
John Penotti,Hell or High Water
John Penotti,The Wailing
John Penotti,All Is Bright
John Penotti,Movie 43
John Penotti,Violet & Daisy
John Penotti,Frozen
John Penotti,Tenderness
John Penotti,The Midnight Meat Train
John Penotti,Awake
John Penotti,Feast of Love
John Penotti,Meet Bill
John Penotti,Wedding Daze
John Penotti,A Prairie Home Companion
John Penotti,Romance & Cigarettes
John Penotti,Saving Face
John Penotti,Uptown Girls
John Penotti,Swimfan
John Penotti,In the Bedroom
John Penotti,The Château
John Penotti,Lisa Picard Is Famous
John Penotti,Company Man
John Penotti,Illuminata
John Penotti,A Price Above Rubies
John Penotti,Naked in New York
Jessie Pariseau,The Black Phone
Jessie Pariseau,Reminiscence
Jessie Pariseau,Barb & Star Go to Vista Del Mar
Jessie Pariseau,Trolls World Tour
Jessie Pariseau,It Chapter Two
Jessie Pariseau,The House with a Clock in Its Walls
Jessie Pariseau,Crazy Rich Asians
Jessie Pariseau,Skyscraper
Jessie Pariseau,Fifty Shades Freed
Jessie Pariseau,Life
Jessie Pariseau,xXx: Return of Xander Cage
Jessie Pariseau,Fences
Jessie Pariseau,San Andreas
Jessie Pariseau,Nightcrawler
Jessie Pariseau,The Book of Life
Brad Simpson,The Sterling Affairs
Brad Simpson,American Love Story
Brad Simpson,American Sports Story
Brad Simpson,The Hunger Games: The Ballad of Songbirds & Snakes
Brad Simpson,Class of '09
Brad Simpson,Diary of a Wimpy Kid
Brad Simpson,Y: The Last Man
Brad Simpson,All Day and a Night
Brad Simpson,The Goldfinch
Brad Simpson,"Where'd You Go, Bernadette"
Brad Simpson,Ben Is Back
Brad Simpson,Crazy Rich Asians
Brad Simpson,Pose
Brad Simpson,Diary of a Wimpy Kid: The Long Haul
Brad Simpson,American Crime Story
Brad Simpson,Electric Slide
Brad Simpson,World War Z
Brad Simpson,Disconnect
Brad Simpson,Diary of a Wimpy Kid: Dog Days
Brad Simpson,Machine Gun Preacher
Brad Simpson,Diary of a Wimpy Kid: Rodrick Rules
Brad Simpson,Diary of a Wimpy Kid
Brad Simpson,A Home at the End of the World
Brad Simpson,Party Monster
Brad Simpson,Boys Don't Cry
Brad Simpson,Burden of Truth
Deron Street,Crazy Rich Asians
Deron Street,The Collection
Deron Street,Californication
Tim Coddington,Thai Cave Rescue
Tim Coddington,Cowboy Bebop
Tim Coddington,Crazy Rich Asians
Tim Coddington,The Chronicles of Narnia: Prince Caspian
Tim Coddington,Bridge to Terabithia
Tim Coddington,"The Chronicles of Narnia: The Lion, the Witch and the Wardrobe"
Tim Coddington,Maiden Voyage
Tim Coddington,Nate and Hayes
Sidney Kimmel,Alice + Freda Forever
Sidney Kimmel,The Silent Wife
Sidney Kimmel,Mountain Queen: The Summits of Lhakpa Sherpa
Sidney Kimmel,God Is a Bullet
Sidney Kimmel,Thai Cave Rescue
Sidney Kimmel,Final Cut
Sidney Kimmel,India Sweets and Spices
Sidney Kimmel,Palmer
Sidney Kimmel,The Sky Is Pink
Sidney Kimmel,Greta
Sidney Kimmel,Crazy Rich Asians
Sidney Kimmel,Brad's Status
Sidney Kimmel,The Book of Henry
Sidney Kimmel,Hell or High Water
Sidney Kimmel,Sleeping with Other People
Sidney Kimmel,The Age of Adaline
Sidney Kimmel,Demolition
Sidney Kimmel,Walk of Shame
Sidney Kimmel,"I, Frankenstein"
Sidney Kimmel,All Is Bright
Sidney Kimmel,Mr. Morgan's Last Love
Sidney Kimmel,The Place Beyond the Pines
Sidney Kimmel,Parker
Sidney Kimmel,Stand Up Guys
Sidney Kimmel,Gone
Sidney Kimmel,One for the Money
Sidney Kimmel,Cloudburst
Sidney Kimmel,Moneyball
Sidney Kimmel,The Lincoln Lawyer
Sidney Kimmel,Death at a Funeral
Sidney Kimmel,Adventureland
Sidney Kimmel,Management
Sidney Kimmel,"Synecdoche, New York"
Sidney Kimmel,Lars and the Real Girl
Sidney Kimmel,Married Life
Sidney Kimmel,Death at a Funeral
Sidney Kimmel,Talk to Me
Sidney Kimmel,Charlie Bartlett
Sidney Kimmel,Breach
Sidney Kimmel,Alpha Dog
Sidney Kimmel,Slow Burn
Sidney Kimmel,Trust the Man
Sidney Kimmel,The Emperor's Club
Sidney Kimmel,Separation Anxiety
Sidney Kimmel,The Perfect You
Sidney Kimmel,Strut!
Sidney Kimmel,Lisa Picard Is Famous
Sidney Kimmel,Curtain Call
Sidney Kimmel,Mother
Sidney Kimmel,The Night We Never Met
Sidney Kimmel,Nine 1/2 Weeks
Sidney Kimmel,The Clan of the Cave Bear
Robert Friedland,Final Cut
Robert Friedland,The Sky Is Pink
Robert Friedland,Crazy Rich Asians
Robert Friedland,The Wailing
Kevin Kwan,Rich People Problems
Kevin Kwan,China Rich Girlfriend
Kevin Kwan,Crazy Rich Asians
Kevin Kwan,Amy Tan: Unintended Memoir
Kevin Kwan,Tamron Hall
Kevin Kwan,Crazy Rich Asians
Alyson Dee Moore,Retribution
Alyson Dee Moore,Blue Beetle
Alyson Dee Moore,Ghosted
Alyson Dee Moore,Shazam! Fury of the Gods
Alyson Dee Moore,Black Adam
Alyson Dee Moore,The Black Phone
Alyson Dee Moore,The Little Things
Alyson Dee Moore,Tenet
Alyson Dee Moore,Light of My Life
Alyson Dee Moore,That's My Jazz
Alyson Dee Moore,Open 24 Hours
Alyson Dee Moore,Crazy Rich Asians
Alyson Dee Moore,Ibiza
Alyson Dee Moore,Fifty Shades Freed
Alyson Dee Moore,What Happened to Monday
Alyson Dee Moore,Transformers: The Last Knight
Alyson Dee Moore,Fifty Shades Darker
Alyson Dee Moore,The Last Face
Alyson Dee Moore,Ben-Hur
Alyson Dee Moore,Zootopia
Alyson Dee Moore,Secret in Their Eyes
Alyson Dee Moore,Our Brand Is Crisis
Alyson Dee Moore,Inside Out
Alyson Dee Moore,Tomorrowland
Alyson Dee Moore,Jupiter Ascending
Alyson Dee Moore,Penguins of Madagascar
Alyson Dee Moore,Interstellar
Alyson Dee Moore,Gone Girl
Alyson Dee Moore,The Boxtrolls
Alyson Dee Moore,Mr. Peabody & Sherman
Alyson Dee Moore,Her
Alyson Dee Moore,Frozen
Alyson Dee Moore,Ender's Game
Alyson Dee Moore,Oblivion
Alyson Dee Moore,Rise of the Guardians
Alyson Dee Moore,Secret of the Wings
Alyson Dee Moore,The Dark Knight Rises
Alyson Dee Moore,The Girl with the Dragon Tattoo
Alyson Dee Moore,In Time
Alyson Dee Moore,Puss in Boots
Alyson Dee Moore,Winnie the Pooh
Alyson Dee Moore,Hall Pass
Alyson Dee Moore,Tangled
Alyson Dee Moore,The Social Network
Alyson Dee Moore,Inception
Alyson Dee Moore,The Wolfman
Alyson Dee Moore,Orphan
Alyson Dee Moore,Public Enemies
Alyson Dee Moore,The Hangover
Alyson Dee Moore,Terminator Salvation
Alyson Dee Moore,The Curious Case of Benjamin Button
Alyson Dee Moore,The Sisterhood of the Traveling Pants 2
Alyson Dee Moore,The Dark Knight
Alyson Dee Moore,American Gangster
Alyson Dee Moore,The Reaping
Alyson Dee Moore,Blood Diamond
Alyson Dee Moore,Stranger Than Fiction
Alyson Dee Moore,The Illusionist
Alyson Dee Moore,Miami Vice
Alyson Dee Moore,Poseidon
Alyson Dee Moore,Firewall
Alyson Dee Moore,Jarhead
Alyson Dee Moore,Serenity
Alyson Dee Moore,"Good Night, and Good Luck."
Alyson Dee Moore,The Dukes of Hazzard
Alyson Dee Moore,House of Wax
Alyson Dee Moore,Miss Congeniality 2: Armed and Fabulous
Alyson Dee Moore,Son of the Mask
Alyson Dee Moore,Constantine
Alyson Dee Moore,Blade: Trinity
Alyson Dee Moore,The Forgotten
Alyson Dee Moore,Collateral
Alyson Dee Moore,The Alamo
Alyson Dee Moore,Walking Tall
Alyson Dee Moore,Starsky & Hutch
Alyson Dee Moore,The Last Samurai
Alyson Dee Moore,Gothika
Alyson Dee Moore,The Matrix Revolutions
Alyson Dee Moore,The Matrix Reloaded
Alyson Dee Moore,Cradle 2 the Grave
Alyson Dee Moore,8 Mile
Alyson Dee Moore,Ghost Ship
Alyson Dee Moore,Panic Room
Alyson Dee Moore,The Time Machine
Alyson Dee Moore,The Good Girl
Alyson Dee Moore,Black Hawk Down
Alyson Dee Moore,Thir13en Ghosts
Alyson Dee Moore,Rush Hour 2
Alyson Dee Moore,The Mummy Returns
Alyson Dee Moore,15 Minutes
Alyson Dee Moore,Red Planet
Alyson Dee Moore,The Cell
Alyson Dee Moore,Shanghai Noon
Alyson Dee Moore,Gossip
Alyson Dee Moore,Three Kings
Alyson Dee Moore,Stigmata
Alyson Dee Moore,Dudley Do-Right
Alyson Dee Moore,"South Park: Bigger, Longer & Uncut"
Alyson Dee Moore,Original Gangstas
Alyson Dee Moore,Clueless
Alyson Dee Moore,Lake Consequence
Alyson Dee Moore,Cat Chaser
Alyson Dee Moore,Lost in America
Alyson Dee Moore,Making Waves: The Art of Cinematic Sound
Bryan Unkeless,Everything's Going to Be Great
Bryan Unkeless,Dorothy and Alice
Bryan Unkeless,Bad Dad
Bryan Unkeless,The Upper World
Bryan Unkeless,The Watcher
Bryan Unkeless,Mike
Bryan Unkeless,Look Both Ways
Bryan Unkeless,Kate
Bryan Unkeless,Project Power
Bryan Unkeless,Birds of Prey (and the Fantabulous Emancipation of One Harley Quinn)
Bryan Unkeless,Dollface
Bryan Unkeless,Crazy Rich Asians
Bryan Unkeless,First Match
Bryan Unkeless,Bright
Bryan Unkeless,"I, Tonya"
Bryan Unkeless,The Hunger Games: Mockingjay - Part 2
Bryan Unkeless,The Hunger Games: Mockingjay - Part 1
Bryan Unkeless,The Hunger Games: Catching Fire
Bryan Unkeless,The Hunger Games
Bryan Unkeless,The World Is Watching: Making the Hunger Games
David V. Butler,Next Goal Wins
David V. Butler,Love and Monsters
David V. Butler,Ava
David V. Butler,The Invisible Man
David V. Butler,Jojo Rabbit
David V. Butler,Lucy in the Sky
David V. Butler,Pet Sematary
David V. Butler,Crazy Rich Asians
David V. Butler,The Darkest Minds
David V. Butler,Battle of the Sexes
David V. Butler,The Fate of the Furious
David V. Butler,Rings
David V. Butler,Rules Don't Apply
David V. Butler,The Huntsman: Winter's War
David V. Butler,The Ridiculous 6
David V. Butler,Knight of Cups
David V. Butler,American Sniper
David V. Butler,Godzilla
David V. Butler,Transcendence
David V. Butler,The Amazing Spider-Man 2
David V. Butler,300: Rise of an Empire
David V. Butler,The Hangover Part III
David V. Butler,Gangster Squad
David V. Butler,Argo
David V. Butler,The Hangover Part II
David V. Butler,Tangled
David V. Butler,Due Date
David V. Butler,Ramona and Beezus
David V. Butler,Knight and Day
David V. Butler,Terminator Salvation
David V. Butler,Yes Man
David V. Butler,The Sisterhood of the Traveling Pants 2
David V. Butler,Live Free or Die Hard
David V. Butler,Miami Vice
David V. Butler,Click
David V. Butler,The Break-Up
David V. Butler,"The Chronicles of Narnia: The Lion, the Witch and the Wardrobe"
David V. Butler,The Three Burials of Melquiades Estrada
David V. Butler,Mr. & Mrs. Smith
David V. Butler,A Player to Be Named Later
David V. Butler,Spanglish
David V. Butler,The Life Aquatic with Steve Zissou
David V. Butler,National Treasure
David V. Butler,DodgeBall: A True Underdog Story
David V. Butler,Man on Fire
David V. Butler,Gigli
David V. Butler,Jackie Brown
Andrew Fischel,Crazy Rich Asians
Sarah Domeier Lindo,Five Nights at Freddy's
Sarah Domeier Lindo,The Exorcist: Believer
Sarah Domeier Lindo,Totally Killer
Sarah Domeier Lindo,M3GAN
Sarah Domeier Lindo,Wendell & Wild
Sarah Domeier Lindo,Halloween Ends
Sarah Domeier Lindo,Mr. Harrigan's Phone
Sarah Domeier Lindo,Vengeance
Sarah Domeier Lindo,The Black Phone
Sarah Domeier Lindo,Firestarter
Sarah Domeier Lindo,Paranormal Activity: Next of Kin
Sarah Domeier Lindo,Halloween Kills
Sarah Domeier Lindo,The Forever Purge
Sarah Domeier Lindo,Freaky
Sarah Domeier Lindo,The Craft: Legacy
Sarah Domeier Lindo,You Should Have Left
Sarah Domeier Lindo,The Hunt
Sarah Domeier Lindo,The Invisible Man
Sarah Domeier Lindo,Fantasy Island
Sarah Domeier Lindo,Run Sweetheart Run
Sarah Domeier Lindo,Black Christmas
Sarah Domeier Lindo,Happy Death Day 2U
Sarah Domeier Lindo,Sweetheart
Sarah Domeier Lindo,Halloween
Sarah Domeier Lindo,Crazy Rich Asians
Sarah Domeier Lindo,The First Purge
Sarah Domeier Lindo,Upgrade
Sarah Domeier Lindo,Truth or Dare
Sarah Domeier Lindo,Totem
Sarah Domeier Lindo,Happy Death Day
Sarah Domeier Lindo,Luna
Sarah Domeier Lindo,Lowriders
Sarah Domeier Lindo,Get Out
Sarah Domeier Lindo,In a Valley of Violence
Sarah Domeier Lindo,Max Rose
Sarah Domeier Lindo,The Purge: Election Year
Sarah Domeier Lindo,The Darkness
Sarah Domeier Lindo,Viral
Sarah Domeier Lindo,Jem and the Holograms
Sarah Domeier Lindo,Paranormal Activity: The Ghost Dimension
Sarah Domeier Lindo,Curve
Sarah Domeier Lindo,Sinister 2
Sarah Domeier Lindo,The Gift
Sarah Domeier Lindo,Insidious: Chapter 3
Sarah Domeier Lindo,Always Watching: A Marble Hornets Story
Sarah Domeier Lindo,The Pyramid
Sarah Domeier Lindo,Cooties
Sarah Domeier Lindo,Whiplash
Sarah Domeier Lindo,The Purge: Anarchy
Ally Conover,The Exorcist: Believer
Ally Conover,Totally Killer
Ally Conover,Wendell & Wild
Ally Conover,Vengeance
Ally Conover,The Black Phone
Ally Conover,Firestarter
Ally Conover,Paranormal Activity: Next of Kin
Ally Conover,Halloween Kills
Ally Conover,The Craft: Legacy
Ally Conover,You Should Have Left
Ally Conover,The Hunt
Ally Conover,The Invisible Man
Ally Conover,Fantasy Island
Ally Conover,Black Christmas
Ally Conover,Happy Death Day 2U
Ally Conover,Sweetheart
Ally Conover,Halloween
Ally Conover,Crazy Rich Asians
Ally Conover,The First Purge
Ally Conover,Upgrade
Ally Conover,Truth or Dare
Ally Conover,Get Out
Ally Conover,In a Valley of Violence
Ally Conover,Jem and the Holograms
Ally Conover,Insidious: Chapter 3
Sarah Domeier Lindo,Not Safe for Work
Sarah Domeier Lindo,Devil's Due
Sarah Domeier Lindo,Chernobyl Diaries
Sarah Domeier Lindo,Paranormal Activity 3
Sarah Domeier Lindo,The 41–Year–Old Virgin Who Knocked Up Sarah Marshall and Felt Superbad About It
Terri Taylor,Night Swim
Terri Taylor,Five Nights at Freddy's
Terri Taylor,The Exorcist: Believer
Terri Taylor,Totally Killer
Terri Taylor,Insidious: The Red Door
Terri Taylor,M3GAN
Terri Taylor,Wendell & Wild
Terri Taylor,Halloween Ends
Terri Taylor,Mr. Harrigan's Phone
Terri Taylor,Vengeance
Terri Taylor,The Black Phone
Terri Taylor,Firestarter
Terri Taylor,Paranormal Activity: Next of Kin
Terri Taylor,Halloween Kills
Terri Taylor,The Forever Purge
Terri Taylor,Freaky
Terri Taylor,The Craft: Legacy
Terri Taylor,You Should Have Left
Terri Taylor,The Hunt
Terri Taylor,The Invisible Man
Terri Taylor,Fantasy Island
Terri Taylor,Run Sweetheart Run
Terri Taylor,Black Christmas
Terri Taylor,Don't Let Go
Terri Taylor,Prey
Terri Taylor,The Loudest Voice
Terri Taylor,Us
Terri Taylor,Happy Death Day 2U
Terri Taylor,Sweetheart
Terri Taylor,Halloween
Terri Taylor,The Lie
Terri Taylor,Crazy Rich Asians
Terri Taylor,The First Purge
Terri Taylor,Upgrade
Terri Taylor,Truth or Dare
Terri Taylor,Insidious: The Last Key
Terri Taylor,Happy Death Day
Terri Taylor,Amityville: The Awakening
Terri Taylor,The Keeping Hours
Terri Taylor,Lowriders
Terri Taylor,Stephanie
Terri Taylor,Get Out
Terri Taylor,In a Valley of Violence
Terri Taylor,Max Rose
Terri Taylor,The Purge: Election Year
Terri Taylor,The Darkness
Terri Taylor,Viral
Terri Taylor,Jem and the Holograms
Terri Taylor,Paranormal Activity: The Ghost Dimension
Terri Taylor,Curve
Terri Taylor,Sinister 2
Terri Taylor,The Gift
Terri Taylor,Insidious: Chapter 3
Terri Taylor,Always Watching: A Marble Hornets Story
Terri Taylor,Cooties
Terri Taylor,Whiplash
Terri Taylor,Mockingbird
Terri Taylor,The Purge: Anarchy
Terri Taylor,Not Safe for Work
Terri Taylor,Devil's Due
Terri Taylor,Whiplash
Terri Taylor,Hitchcock
Terri Taylor,Paranormal Activity 4
Terri Taylor,Chernobyl Diaries
Terri Taylor,Paranormal Activity 3
Terri Taylor,"Jeff, Who Lives at Home"
Terri Taylor,Paranormal Activity 2
Terri Taylor,How to Make Love to a Woman
Terri Taylor,Step Up 2: The Streets
Terri Taylor,Grasshopper
Terri Taylor,Munich
Terri Taylor,War of the Worlds
Terri Taylor,13 Going on 30
Terri Taylor,Matchstick Men
Terri Taylor,Seabiscuit
Terri Taylor,Catch Me If You Can
Terri Taylor,Solaris
Terri Taylor,Full Frontal
Terri Taylor,Road to Perdition
Terri Taylor,Ocean's Eleven
Terri Taylor,K-PAX
Terri Taylor,The Gathering
Terri Taylor,The Legend of Bagger Vance
Terri Taylor,Traffic
Terri Taylor,Galaxy Quest
Terri Taylor,American Beauty
Terri Taylor,The Limey
Terri Taylor,David and Lisa
Terri Taylor,Wag the Dog
Terri Taylor,Before and After
Janice Chua,Taiwan Crime Stories
Janice Chua,Crazy Rich Asians
Julian White,The Boys in the Boat
Julian White,Rebecca
Julian White,Tolkien
Julian White,Crazy Rich Asians
Julian White,Breathe
Julian White,One More Time with Feeling
Julian White,The Martian
Julian White,Cinderella
Julian White,Locke
Julian White,The Invisible Woman
Julian White,Offender
Julian White,The American
Julian White,Harry Brown
Julian White,Control
Julian White,Venus
Julian White,Enduring Love
Julian White,The Dark Kingdom
Julian White,Burst
PoPing AuYeung,Mulan
PoPing AuYeung,Crazy Rich Asians
PoPing AuYeung,Birth of the Dragon
PoPing AuYeung,Skiptrace
PoPing AuYeung,Outcast
PoPing AuYeung,Man of Tai Chi
PoPing AuYeung,The Karate Kid
PoPing AuYeung,The Forbidden Kingdom
PoPing AuYeung,Marco Polo
PoPing AuYeung,Crying Freeman
PoPing AuYeung,Tai-Pan
Melissa Remenarich,Crush
Melissa Remenarich,The Last Summer
Melissa Remenarich,Crazy Rich Asians
Melissa Remenarich,War for the Planet of the Apes
Melissa Remenarich,Join the Club
Melissa Remenarich,Dawn of the Planet of the Apes
Melissa Remenarich,In a World...
Melissa Remenarich,Sucker Punch
Melissa Remenarich,Watchmen
Melissa Remenarich,300
Melissa Remenarich,Dawn of the Dead
Melissa Remenarich,Art of Revenge
Melissa Remenarich,Auto Focus
Melissa Remenarich,A Little Inside
Melissa Remenarich,American Pie 2
John To,First Man
John To,Crazy Rich Asians
John To,Hostiles
John To,La La Land
John To,Joy
John To,Whiplash
John To,Setup
Kieran Waites,I Used to Be Famous
Kieran Waites,Rebecca
Kieran Waites,Crazy Rich Asians
Kieran Waites,One More Time with Feeling
Kieran Waites,The Martian
Kieran Waites,Offender
Khai Sim Lim,Tiger Stripes
Khai Sim Lim,Polis Evo 3
Khai Sim Lim,Crazy Rich Asians
Khai Sim Lim,Claypot Curry Killers
Moira Houlihan,Indiana Jones and the Dial of Destiny
Moira Houlihan,Mulan
Moira Houlihan,The Good Liar
Moira Houlihan,Bohemian Rhapsody
Moira Houlihan,Crazy Rich Asians
Moira Houlihan,The Meg
Moira Houlihan,Cloud Atlas
Moira Houlihan,The Devil's Double
Moira Houlihan,The Seeker: The Dark Is Rising
Moira Houlihan,Ultraviolet
Moira Houlihan,Underworld
Moira Houlihan,Blade II
Moira Houlihan,The Making of Indiana Jones and the Dial of Destiny
Moira Houlihan,Hellboy
Jon M. Chu,Joseph and the Amazing Technicolor Dreamcoat
Jon M. Chu,Play-Doh
Jon M. Chu,Oh The Places You'll Go!
Jon M. Chu,The Great Chinese Art Heist
Jon M. Chu,Permanent Record
Jon M. Chu,Rich People Problems
Jon M. Chu,China Rich Girlfriend
Jon M. Chu,Wicked Part 2
Jon M. Chu,Wicked Part 1
Jon M. Chu,In the Heights
Jon M. Chu,"Ken Jeong: You Complete Me, Ho"
Jon M. Chu,Good Trouble
Jon M. Chu,Crazy Rich Asians
Jon M. Chu,Now You See Me 2
Jon M. Chu,Jem and the Holograms
Jon M. Chu,We the Economy: 20 Short Films You Can't Afford to Miss
Jon M. Chu,Justin Bieber's Believe
Jon M. Chu,G.I. Joe: Retaliation
Jon M. Chu,Justin Bieber: Never Say Never
Jon M. Chu,Step Up 3D
Jon M. Chu,Step Up 2: The Streets
Jon M. Chu,Silent Beats
Jon M. Chu,Joseph and the Amazing Technicolor Dreamcoat
Jon M. Chu,Play-Doh
Jon M. Chu,Permanent Record
Jon M. Chu,The Company You Keep
Jon M. Chu,Beauty and the Beast: A 30th Celebration
Jon M. Chu,Thai Cave Rescue
Jon M. Chu,Home Before Dark
Jon M. Chu,Dance Camp
Jon M. Chu,Jem and the Holograms
Jon M. Chu,Step Up Revolution
Jon M. Chu,100 Years of Warner Bros.
Jon M. Chu,"Soul of a Nation Presents: Together As One: Celebrating Asian American, Native Hawaiian and Pacific Islander Heritage"
Jon M. Chu,One Perfect Shot
Jon M. Chu,A Night at the Academy Museum
Jon M. Chu,Be Natural: The Untold Story of Alice Guy-Blaché
Jon M. Chu,Justin Bieber's Believe
Jon M. Chu,YouTube Live
Jon M. Chu,Freaked
Jon M. Chu,The Legion of Extraordinary Dancers
Leslie Rodier,Flora & Ulysses
Leslie Rodier,Crazy Rich Asians
Leslie Rodier,Halloween II
Leslie Rodier,Extreme Movie
Leslie Rodier,The Oh in Ohio
Mini Chen,Crazy Rich Asians
Sophia Knight,Mother Teresa & Me
Sophia Knight,Crazy Rich Asians
Sophia Knight,Mary Magdalene
Sophia Knight,City of Tiny Lights
Sophia Knight,The Legend of Tarzan
Sophia Knight,The Dresser
Sophia Knight,Humans
Sophia Knight,Thor: The Dark World
Sophia Knight,Dark Shadows
Sophia Knight,Harry Potter and the Deathly Hallows: Part 2
Sophia Knight,Robin Hood
Sophia Knight,Clash of the Titans
Mike Topoozian,Hustle
Mike Topoozian,Vacation Friends
Mike Topoozian,The Laundromat
Mike Topoozian,Alpha
Mike Topoozian,Crazy Rich Asians
Mike Topoozian,Queen of Katwe
Mike Topoozian,Million Dollar Arm
Mike Topoozian,The Twilight Saga: New Moon
Mike Topoozian,Rumor Has It...
Mike Topoozian,Twisted
Mike Topoozian,Panic Room
Mike Topoozian,Fight Club
Mike Topoozian,Con Air
Mike Topoozian,The Crucible
Mike Topoozian,Ed Wood
Mike Topoozian,Red Rock West
Mike Topoozian,Tremors
Mike Topoozian,Dead Heat
Mike Topoozian,Pulse
Mike Topoozian,Friday the 13th: A New Beginning
Mike Topoozian,I'm Your Woman
Mike Topoozian,Hemingway & Gellhorn
Mike Topoozian,Bee Season
Mike Topoozian,Shooting 'Panic Room'
Mike Topoozian,Little Children
Heike Merker,The Last Voyage of the Demeter
Heike Merker,All Quiet on the Western Front
Heike Merker,Jill
Heike Merker,The Matrix Resurrections
Heike Merker,Gunpowder Milkshake
Heike Merker,The Postcard Killings
Heike Merker,The Girl in the Spider's Web
Heike Merker,Crazy Rich Asians
Heike Merker,55 Steps
Heike Merker,Iceman
Heike Merker,A Hologram for the King
Heike Merker,Point Break
Heike Merker,The Grand Budapest Hotel
Heike Merker,Cloud Atlas
Heike Merker,John Rabe
Heike Merker,Berlin Blues
Heike Merker,"Good Bye, Lenin!"
Yen Yap,Crazy Rich Asians
Myron Kerstein,"tick, tick... BOOM!"
Myron Kerstein,In the Heights
Myron Kerstein,Crazy Rich Asians
Myron Kerstein,Going in Style
Myron Kerstein,Join the Club
Myron Kerstein,Wish I Was Here
Myron Kerstein,Paradise
Myron Kerstein,The English Teacher
Myron Kerstein,Movie 43
Myron Kerstein,LOL
Myron Kerstein,Glee: The Concert Movie
Myron Kerstein,Little Fockers
Myron Kerstein,Fame
Myron Kerstein,Nick and Norah's Infinite Playlist
Myron Kerstein,The Promotion
Myron Kerstein,The Great Buck Howard
Myron Kerstein,American Dreamz
Myron Kerstein,The Dukes of Hazzard
Myron Kerstein,In Good Company
Myron Kerstein,Garden State
Myron Kerstein,Chrystal
Myron Kerstein,Love in the Time of Money
Myron Kerstein,Raising Victor Vargas
Myron Kerstein,The Confession of Julien Donkey-Boy
Myron Kerstein,Black and White
Myron Kerstein,Office Killer
Myron Kerstein,MONSTERS: The Making of LOVE GOD
Mary E. Vogt,The Old Guard 2
Mary E. Vogt,Red Notice
Mary E. Vogt,The Old Guard
Mary E. Vogt,Long Shot
Mary E. Vogt,2.0
Mary E. Vogt,Crazy Rich Asians
Mary E. Vogt,Kong: Skull Island
Mary E. Vogt,Hairspray Live!
Mary E. Vogt,I
Mary E. Vogt,Grudge Match
Mary E. Vogt,Men in Black 3
Mary E. Vogt,A Thousand Words
Mary E. Vogt,Enthiran
Mary E. Vogt,Dinner for Schmucks
Mary E. Vogt,Recount
Mary E. Vogt,Fantastic Four: Rise of the Silver Surfer
Mary E. Vogt,RV
Mary E. Vogt,Son of the Mask
Mary E. Vogt,Looney Tunes: Back in Action
Mary E. Vogt,Unconditional Love
Mary E. Vogt,Men in Black II
Mary E. Vogt,Big Trouble
Mary E. Vogt,Inspector Gadget
Mary E. Vogt,Men in Black
Mary E. Vogt,Theodore Rex
Mary E. Vogt,Nick of Time
Mary E. Vogt,Drop Zone
Mary E. Vogt,Naked Gun 33⅓: The Final Insult
Mary E. Vogt,Hocus Pocus
Mary E. Vogt,Batman Returns
Mary E. Vogt,Only the Lonely
Mary E. Vogt,The Hard Way
Mary E. Vogt,Crazy People
Mary E. Vogt,Shag
Mary E. Vogt,The Naked Gun: From the Files of Police Squad!
Mary E. Vogt,Stakeout
Mary E. Vogt,Project X
Mary E. Vogt,Diner
Shani Gyde,Anyone But You
Shani Gyde,Crazy Rich Asians
Shani Gyde,After the Dark
Ferny Loh,Crazy Rich Asians
Chee Kong,Crazy Rich Asians
Michael Wong,Mulan
Michael Wong,Crazy Rich Asians
Michael Wong,Beyond Skyline
Michael Wong,Blackhat
Beatrice Chien,Home Is Where The Heart Is
Beatrice Chien,Crazy Rich Asians
Beatrice Chien,Ramen Shop
Beatrice Chien,Gone Case
Beatrice Chien,Sit With Me
Beatrice Chien,Breakfast Lunch Dinner
Sanja Bucko,I Used to Be Famous
Sanja Bucko,Mulan
Sanja Bucko,Crazy Rich Asians
Sanja Bucko,Mayhem
Leslie Ewe,The Ghost Bride
Leslie Ewe,Crazy Rich Asians
Leslie Ewe,Blackhat
David Ingram,Untitled Gladiator Sequel
David Ingram,The Enforcer
David Ingram,Uncharted
David Ingram,Crazy Rich Asians
Junji Delfino,Keluarga Baha Don
Junji Delfino,Crazy Rich Asians
Junji Delfino,Hari Terakhir Seorang Pengurus
Junji Delfino,Season of the Devil
Joe Ong,Crazy Rich Asians
Meredith Lee,Tomorrow is a Long Time
Meredith Lee,A Land Imagined
Meredith Lee,Folklore
Meredith Lee,Crazy Rich Asians
Meredith Lee,Westworld
Meredith Lee,Apprentice
Meredith Lee,In the Room
Meredith Lee,7 Letters
Meredith Lee,Equals
Isaac Boon Chuon Lee,Crazy Rich Asians
Ronnie Kee,Crazy Rich Asians
Teddy Setiawan,The Forgiven
Teddy Setiawan,The Ghost Bride
Teddy Setiawan,John Wick: Chapter 3 - Parabellum
Teddy Setiawan,Crazy Rich Asians
Teddy Setiawan,Beirut
Teddy Setiawan,Lost in the Pacific
Amanda Evans,Crazy Rich Asians
Nevan Koit,Crazy Rich Asians
Calvin Wong,Crazy Rich Asians
Calvin Wong,Sell Out!
Calvin Wong,Prince of the City
Rachael Cooper,Mulan
Rachael Cooper,Crazy Rich Asians
Rachael Cooper,Evil Dead
Rachael Cooper,Perfect Creature
Rachael Cooper,Without a Paddle
Tumurbaatar Enkhtungalag,Crazy Rich Asians
Russell Wong,Clifford the Big Red Dog
Russell Wong,Escape Plan: The Extractors
Russell Wong,Crazy Rich Asians
Russell Wong,The Oath
Russell Wong,Forever Young
Russell Wong,The Jade Pendant
Russell Wong,The Chinese Exclusion Act
Russell Wong,Contract to Kill
Russell Wong,Westworld
Russell Wong,Lethal Weapon
Russell Wong,Lost in the Pacific
Russell Wong,Lucifer
Russell Wong,Supergirl
Russell Wong,East of Main Street: Taking the Lead
Russell Wong,Grace
Russell Wong,NCIS: New Orleans
Russell Wong,Light from the Darkroom
Russell Wong,Hafen der Düfte
Russell Wong,丈母娘来了
Russell Wong,Snow Flower and the Secret Fan
Russell Wong,What Women Want
Russell Wong,Color Me Love
Russell Wong,Nikita
Russell Wong,The Sanctuary
Russell Wong,Dim Sum Funeral
Russell Wong,The Mummy: Tomb of the Dragon Emperor
Russell Wong,Undoing
Russell Wong,Honor
Russell Wong,Commander in Chief
Russell Wong,Just Legal
Russell Wong,Inside Out
Russell Wong,Numb3rs
Russell Wong,Twisted
Russell Wong,Black Sash
Russell Wong,The Tracker
Russell Wong,The Lost Empire
Russell Wong,CSI: Crime Scene Investigation
Russell Wong,Romeo Must Die
Russell Wong,Takedown
Russell Wong,The Prophecy II
Russell Wong,Vanishing Son IV
Russell Wong,Touched by an Angel
Russell Wong,Vanishing Son III
Russell Wong,Vanishing Son II
Russell Wong,Satin Steel
Russell Wong,Vanishing Son
Russell Wong,Vanishing Son
Russell Wong,The Joy Luck Club
Russell Wong,Geoffrey Beene 30
Russell Wong,Summer Lover
Russell Wong,New Jack City
Russell Wong,China Cry: A True Story
Russell Wong,China White
Russell Wong,Eat a Bowl of Tea
Russell Wong,C.A.T. Squad: Python Wolf
Russell Wong,China Girl
Russell Wong,Porky's Meatball
Russell Wong,21 Jump Street
Russell Wong,Tai-Pan
Russell Wong,The Equalizer
Russell Wong,The Musical Singer
Russell Wong,The Sanctuary
Irina Strukova,Sleuth
Irina Strukova,Crazy Rich Asians
Shuhei Kinoshita,Crazy Rich Asians
Shuhei Kinoshita,Marvel's Daredevil
Lauren Richards,Crazy Rich Asians
Charles Grounds,Time Addicts
Charles Grounds,It Only Takes A Night
Charles Grounds,Elvis
Charles Grounds,Babyteeth
Charles Grounds,Crazy Rich Asians
Charles Grounds,Downriver
Charles Grounds,Camp
Jessica Galetti,Crazy Rich Asians
Daniel Jenkins,It's a Dog
Daniel Jenkins,Law & Order: Organized Crime
Daniel Jenkins,Crazy Rich Asians
Daniel Jenkins,In the Room
Daniel Jenkins,Afterimages
Daniel Jenkins,Robotropolis
Daniel Jenkins,Mad Dogs And Englishmen
Peter Carroll,The Power of the Dog
Peter Carroll,Aftertaste
Peter Carroll,Bloom
Peter Carroll,Crazy Rich Asians
Peter Carroll,Sleeping Beauty
Peter Carroll,Happy Feet
Peter Carroll,Black and White
Peter Carroll,The Diamond of Jeru
Peter Carroll,Farscape
Peter Carroll,Waking Ned
Peter Carroll,Doom Runners
Peter Carroll,Water Rats
Peter Carroll,Captain James Cook
Peter Carroll,The More Things Change...
Peter Carroll,Five Mile Creek
Peter Carroll,Who Killed Baby Azaria?
Peter Carroll,Ride On Stranger
Peter Carroll,Cass
Peter Carroll,Newsfront
Peter Carroll,Temperament Unsuited
Peter Carroll,The Chant of Jimmie Blacksmith
Peter Carroll,The Last Wave
Kris Aquino,Savage Attack
Kris Aquino,Crazy Rich Asians
Kris Aquino,"I Love You, Hater"
Kris Aquino,All You Need Is Pag-ibig
Kris Aquino,Etiquette For Mistresses
Kris Aquino,Feng Shui 2
Kris Aquino,My Little Bossings
Kris Aquino,Bromance: My Brother's Romance
Kris Aquino,Kailangan Ko'y Ikaw
Kris Aquino,Sisterakas
Kris Aquino,Kimmy Dora and the Temple of Kiyeme
Kris Aquino,Segunda Mano
Kris Aquino,Dalaw
Kris Aquino,Pilipinas Got Talent
Kris Aquino,Kung Tayo'y Magkakalayo
Kris Aquino,Mano Po 6: A Mother's Love
Kris Aquino,Patayin Sa Sindak Si Barbara
Kris Aquino,Boy & Kris
Kris Aquino,Sukob
Kris Aquino,So... Happy Together
Kris Aquino,Feng Shui
Kris Aquino,Hiram
Kris Aquino,Mano Po 2: My Home
Kris Aquino,You and Me Against the World
Kris Aquino,The 70s
Kris Aquino,Mano Po
Kris Aquino,Jologs
Kris Aquino,Eto Na Naman Ako
Kris Aquino,Eat Bulaga!
Kris Aquino,The Buzz
Kris Aquino,The Fatima Buen Story
Kris Aquino,Why I'd Even Loved You?
Kris Aquino,Nandito Ako
Kris Aquino,Geron Olivar
Kris Aquino,Elsa Castillo Story
Kris Aquino,Humanda Ka Mayor! Bahala Na Ang Diyos
Kris Aquino,"The Myrna Diones Story (Lord, Have Mercy!)"
Kris Aquino,"The Vizconde Massacre: God, Help Us!"
Kris Aquino,Pido Dida 3: May Kambal Na
Kris Aquino,Mahal Kita Walang Iba
Kris Aquino,Ang Siga At Ang Sosyal
Kris Aquino,Pempe Ni Sara At Pen
Kris Aquino,Darna
Kris Aquino,"Shake, Rattle & Roll III"
Kris Aquino,Happy Ghost V
Kris Aquino,Pido Dida 2: Kasal Na
Kris Aquino,Pido Dida: Sabay Tayo
Kris Aquino,Pangako ng Puso
Kris Aquino,My Funny Valentine
Kris Aquino,Etiquette For Mistresses
Kris Aquino,Instant Mommy
Jasmine Chen,Different Than Before
Jasmine Chen,Future Futures
Jasmine Chen,Crazy Rich Asians
Jasmine Chen,Ransom
Jasmine Chen,Defiance
Jasmine Chen,Warehouse 13
Constance Lau,Titoudao: Inspired By The True Story Of A Wayang Star
Constance Lau,Last Madame
Constance Lau,Crazy Rich Asians
Tan Kheng Hua,The Tiger's Apprentice
Tan Kheng Hua,Worth the Wait
Tan Kheng Hua,As You Like It
Tan Kheng Hua,Kung Fu
Tan Kheng Hua,Medical Police
Tan Kheng Hua,The Garden of Evening Mists
Tan Kheng Hua,Chimerica
Tan Kheng Hua,Magnum P.I.
Tan Kheng Hua,Crazy Rich Asians
Tan Kheng Hua,The Offering
Tan Kheng Hua,Sex.Violence.FamilyValues.
Tan Kheng Hua,The Blue Mansion
Tan Kheng Hua,Cages
Tan Kheng Hua,Grey's Anatomy
Tan Kheng Hua,That One Not Enough
Tan Kheng Hua,Phua Chu Kang Pte Ltd
Tan Kheng Hua,Best of Phua Chu Kang Pte Ltd
Tan Kheng Hua,Sarah
Chieng Mun Koh,Crazy Rich Asians
Chieng Mun Koh,City Sharks
Chieng Mun Koh,Under One Roof
Chieng Mun Koh,Cupid Love
Jasmine Kaar,Perception
Jasmine Kaar,Kadaram Kondan
Jasmine Kaar,Salon
Jasmine Kaar,Crazy Rich Asians
Jasmine Kaar,Tarak
Amy Cheng,Repossession
Amy Cheng,Crazy Rich Asians
Amy Cheng,The Chinese Man
Amy Cheng,Reflections
Amy Cheng,House of Harmony
Selena Tan,Shotgun Wedding
Selena Tan,Crazy Rich Asians
Selena Tan,Gone Shopping
Selena Tan,I Not Stupid Too
Selena Tan,I Not Stupid
Selena Tan,I Not Stupid
Selena Tan,Monaco
Janice Koh Yu-Mei,Sleep With Me
Janice Koh Yu-Mei,One Take
Janice Koh Yu-Mei,Crazy Rich Asians
Janice Koh Yu-Mei,Outsiders
Janice Koh Yu-Mei,Hitman: Agent 47
Janice Koh Yu-Mei,Unlucky Plaza
Janice Koh Yu-Mei,C.L.I.F.
Janice Koh Yu-Mei,The Pupil
Victoria Loke,Crazy Rich Asians
Kina Kasuya Grannis,For Her...
Kina Kasuya Grannis,Crazy Rich Asians
Kina Kasuya Grannis,Disney's Fairy Tale Weddings
Kina Kasuya Grannis,Single by 30
Kina Kasuya Grannis,In Your Arms
Fiona Xie,China Rich Girlfriend
Fiona Xie,Crazy Rich Asians
Fiona Xie,Diamond Dogs
Fiona Xie,The Golden Couple
Fiona Xie,Fist of Dragon
Fiona Xie,Rule #1: There are no Ghosts
Fiona Xie,The Champion
Fiona Xie,One Leg Kicking
Pierre Png,灵医
Pierre Png,Home Again
Pierre Png,This Land Is Mine
Pierre Png,A Jungle Survivor
Pierre Png,My Guardian Angels
Pierre Png,Limited Edition
Pierre Png,May and June
Pierre Png,Crazy Rich Asians
Pierre Png,VIC
Pierre Png,A Lonely Fish
Pierre Png,When Duty Calls
Pierre Png,The Gentlemen
Pierre Png,Rise
Pierre Png,The Journey: A Voyage
Pierre Png,Beyond
Pierre Png,Pillow Talk
Pierre Png,Rescue 995
Pierre Png,The In-Laws
Pierre Png,A Tale of 2 Cities
Pierre Png,The Score
Pierre Png,The Little Nyonya
Pierre Png,Yours Always
Pierre Png,Holland V
Pierre Png,Nothing To Lose
Pierre Png,The Eye
Pierre Png,Chicken Rice War
Pierre Png,Money
Pierre Png,Forever Fever
Pierre Png,Phua Chu Kang Pte Ltd
Pierre Png,Best of Phua Chu Kang Pte Ltd
Jing Lusi,Heart of Stone
Jing Lusi,Man Vs Bee
Jing Lusi,SAS: Red Notice
Jing Lusi,Gangs of London
Jing Lusi,The Feed
Jing Lusi,Pennyworth: The Origin of Batman's Butler
Jing Lusi,Pure
Jing Lusi,The Romanoffs
Jing Lusi,Crazy Rich Asians
Jing Lusi,Zapped
Jing Lusi,Survivor
Jing Lusi,Before I Go to Sleep
Jing Lusi,Tezz
Jing Lusi,Scott & Bailey
Jing Lusi,Jack Falls
Jing Lusi,Clash of Empires: The Battle for Asia
Nico Santos,The Re-Education of Molly Singer
Nico Santos,Happiness for Beginners
Nico Santos,The Muppets Mayhem
Nico Santos,Guardians of the Galaxy Vol. 3
Nico Santos,Pentatonix: Around the World for the Holidays
Nico Santos,Is It Cake?
Nico Santos,Wish Dragon
Nico Santos,A Little Late with Lilly Singh
Nico Santos,Crazy Rich Asians
Nico Santos,The Clapper
Nico Santos,Superstore
Nico Santos,Wer weiß denn sowas?
Nico Santos,Paul Blart: Mall Cop 2
Nico Santos,Go-Go Boy Interrupted
Nico Santos,Pride Comedy Jam
Carmen Soo,Baik Punya Ah Long
Carmen Soo,Phantom Squad
Carmen Soo,The Iron Heart
Carmen Soo,One Cent Thief
Carmen Soo,Air Force The Movie: Danger Close
Carmen Soo,Jebat
Carmen Soo,Orang Itu
Carmen Soo,Wizards of Warna Walk
Carmen Soo,Fried Rice Paradise
Carmen Soo,Crazy Rich Asians
Carmen Soo,Day and Night
Carmen Soo,trio and a bed
Carmen Soo,Bedside Manners
Carmen Soo,Yasmine
Carmen Soo,Ghost Child
Carmen Soo,Love... And Other Bad Habits
Carmen Soo,Breakaway
Carmen Soo,Double
Carmen Soo,Dead Mine
Carmen Soo,Code of Law
Carmen Soo,Mein Herz in Malaysia
Carmen Soo,My Spy
Carmen Soo,T2
Carmen Soo,Sayang You Can Dance
Carmen Soo,Kahit Isang Saglit
Carmen Soo,Days of the Turquoise Sky
Carmen Soo,Baik Punya Cilok
Carmen Soo,Visits: Hungry Ghost Anthology
Carmen Soo,Gorgeous
Remy Hii,The Sloth Lane
Remy Hii,China Rich Girlfriend
Remy Hii,Scarygirl
Remy Hii,Wellmania
Remy Hii,Blaze
Remy Hii,The Princess Switch 3: Romancing the Star
Remy Hii,Arcane
Remy Hii,Aftertaste
Remy Hii,Spider-Man: Far From Home
Remy Hii,Crazy Rich Asians
Remy Hii,Harrow
Remy Hii,2:22
Remy Hii,Marco Polo
Remy Hii,Better Man
Remy Hii,Kiss
Remy Hii,East of Everything
Ronny Chieng,Interior Chinatown
Ronny Chieng,How to Ruin the Holidays
Ronny Chieng,Vacation Friends 2
Ronny Chieng,Shortcomings
Ronny Chieng,Joy Ride
Ronny Chieng,American Born Chinese
Ronny Chieng,Mulligan
Ronny Chieng,"History of the World, Part II"
Ronny Chieng,M3GAN
Ronny Chieng,Bill Burr Presents: Friends Who Kill
Ronny Chieng,Ronny Chieng: Speakeasy
Ronny Chieng,A Father's Son
Ronny Chieng,Ronny Chieng Takes Chinatown
Ronny Chieng,Sam Morril: Full Capacity
Ronny Chieng,"Doogie Kamealoha, M.D."
Ronny Chieng,Shang-Chi and the Legend of the Ten Rings
Ronny Chieng,Godzilla vs. Kong
Ronny Chieng,Trust
Ronny Chieng,Young Rock
Ronny Chieng,Long Story Short
Ronny Chieng,Bliss
Ronny Chieng,Wish Dragon
Ronny Chieng,Dish Granted
Ronny Chieng,Aunty Donna's Big Ol House of Fun
Ronny Chieng,Remembering RBG: A Nation Ugly Cries
Ronny Chieng,Howie Mandel's 5th Annual All-Star Gala
Ronny Chieng,Ronny Chieng: Asian Comedian Destroys America!
Ronny Chieng,Crazy Rich Asians
Ronny Chieng,Ronny Chieng: International Student
Ronny Chieng,Ronny Chieng - Chieng Reaction
Ronny Chieng,The Katering Show
Ronny Chieng,This is Littleton
Ronny Chieng,Ronny Chieng: The Ron Way
Ronny Chieng,The Agony of Christmas
Ronny Chieng,Have You Been Paying Attention?
Ronny Chieng,Julia Zemiro's Home Delivery
Ronny Chieng,It's a Date
Ronny Chieng,Jimmy Kimmel Live!
Ronny Chieng,The Daily Show
Ronny Chieng,Ronny Chieng: Speakeasy
Ronny Chieng,Ronny Chieng: Asian Comedian Destroys America!
Ronny Chieng,Ronny Chieng: The Ron Way
Ronny Chieng,Ronny Chieng Takes Chinatown
Ronny Chieng,Ronny Chieng: International Student
Sonoya Mizuno,Civil War
Sonoya Mizuno,Shortcomings
Sonoya Mizuno,House of the Dragon
Sonoya Mizuno,Men
Sonoya Mizuno,Am I Ok?
Sonoya Mizuno,Devs
Sonoya Mizuno,Ambition
Sonoya Mizuno,All About Nina
Sonoya Mizuno,Maniac
Sonoya Mizuno,Crazy Rich Asians
Sonoya Mizuno,The Domestics
Sonoya Mizuno,Annihilation
Sonoya Mizuno,Beauty and the Beast
Sonoya Mizuno,La La Land
Sonoya Mizuno,Alleycats
Sonoya Mizuno,High Strung
Sonoya Mizuno,Through the Looking Glass: Making 'Ex Machina'
Sonoya Mizuno,Ex Machina
Sonoya Mizuno,Venus in Eros
Ken Jeong,Adventures in Wonder Park
Ken Jeong,Unqualified
Ken Jeong,Untitled Community Movie
Ken Jeong,My Spy: The Eternal City
Ken Jeong,A Great Divide
Ken Jeong,Fool's Paradise
Ken Jeong,Out of Office
Ken Jeong,The Pentaverate
Ken Jeong,Murderville
Ken Jeong,The Afterparty
Ken Jeong,My Little Pony: A New Generation
Ken Jeong,Crime Scene Kitchen
Ken Jeong,Roll Up Your Sleeves
Ken Jeong,Extinct
Ken Jeong,Tom & Jerry
Ken Jeong,The Masked Dancer
Ken Jeong,WWE Slammy Awards 2020
Ken Jeong,Occupation: Rainfall
Ken Jeong,The Opening Act
Ken Jeong,Over the Moon
Ken Jeong,I Can See Your Voice
Ken Jeong,Scoob!
Ken Jeong,Staged
Ken Jeong,Community Table Read
Ken Jeong,FOX Presents the iHeart Living Room Concert for America
Ken Jeong,Boss Level
Ken Jeong,Elsewhere
Ken Jeong,My Spy
Ken Jeong,The Masked Singer
Ken Jeong,Lady and the Tramp
Ken Jeong,The Casagrandes
Ken Jeong,All Elite Wrestling: Dynamite
Ken Jeong,Bless the Harts
Ken Jeong,The Kelly Clarkson Show
Ken Jeong,Comedy Central Roast of Alec Baldwin
Ken Jeong,Dads
Ken Jeong,Saving Zoë
Ken Jeong,Ken Jeong: Best Medicine
Ken Jeong,What Just Happened??! with Fred Savage
Ken Jeong,Avengers: Endgame
Ken Jeong,Wonder Park
Ken Jeong,"Ken Jeong: You Complete Me, Ho"
Ken Jeong,The Masked Singer
Ken Jeong,Then Came You
Ken Jeong,Goosebumps 2: Haunted Halloween
Ken Jeong,Magnum P.I.
Ken Jeong,Crazy Rich Asians
Ken Jeong,A Christmas Story Live!
Ken Jeong,Gwen Stefani: You Make It Feel Like Christmas
Ken Jeong,Drop the Mic
Ken Jeong,Killing Hasselhoff
Ken Jeong,Carpool Karaoke: The Series
Ken Jeong,The Gong Show
Ken Jeong,Justice League Action
Ken Jeong,Serious Music
Ken Jeong,I Hate Big Phony
Ken Jeong,Ride Along 2
Ken Jeong,Norm of the North
Ken Jeong,Dr. Ken
Ken Jeong,Advantageous
Ken Jeong,Celebrity Family Feud
Ken Jeong,The Late Late Show with James Corden
Ken Jeong,Ktown Cowboys
Ken Jeong,I Hate Christian Laettner
Ken Jeong,Hot Ones
Ken Jeong,The DUFF
Ken Jeong,Fresh Off the Boat
Ken Jeong,Lennon or McCartney
Ken Jeong,Penguins of Madagascar
Ken Jeong,BoJack Horseman
Ken Jeong,The Penguins of Madagascar: Operation Search and Rescue
Ken Jeong,Harmontown
Ken Jeong,Late Night with Seth Meyers
Ken Jeong,The Tonight Show Starring Jimmy Fallon
Ken Jeong,Turbo FAST
Ken Jeong,Kelly Clarkson's Cautionary Christmas Music Tale
Ken Jeong,Turbo
Ken Jeong,Despicable Me 2
Ken Jeong,Rapture-Palooza
Ken Jeong,The Hangover Part III
Ken Jeong,Pain & Gain
Ken Jeong,Sullivan & Son
Ken Jeong,Burning Love
Ken Jeong,Burning Love
Ken Jeong,SNL Korea
Ken Jeong,The Muppets
Ken Jeong,Talking Dead
Ken Jeong,Zookeeper
Ken Jeong,Transformers: Dark of the Moon
Ken Jeong,The Hangover Part II
Ken Jeong,"Big Mommas: Like Father, Like Son"
Ken Jeong,Bob's Burgers
Ken Jeong,Conan
Ken Jeong,Held Up
Ken Jeong,Vampires Suck
Ken Jeong,How to Make Love to a Woman
Ken Jeong,Despicable Me
Ken Jeong,Mary Shelley's Frankenhole
Ken Jeong,Hot in Cleveland
Ken Jeong,Furry Vengeance
Ken Jeong,Men of a Certain Age
Ken Jeong,Couples Retreat
Ken Jeong,Community
Ken Jeong,All About Steve
Ken Jeong,The Hangover
Ken Jeong,"The Goods: Live Hard, Sell Hard"
Ken Jeong,Glee
Ken Jeong,Party Down
Ken Jeong,Role Models
Ken Jeong,Pineapple Express
Ken Jeong,Step Brothers
Ken Jeong,Uncle P
Ken Jeong,Knocked Up
Ken Jeong,'Til Death
Ken Jeong,The Kims of Comedy
Ken Jeong,The Office
Ken Jeong,American Dad!
Ken Jeong,Boston Legal
Ken Jeong,The Soup
Ken Jeong,Two and a Half Men
Ken Jeong,Cedric the Entertainer Presents
Ken Jeong,The Shield
Ken Jeong,Crossing Jordan
Ken Jeong,Grounded for Life
Ken Jeong,Curb Your Enthusiasm
Ken Jeong,The View
Ken Jeong,MADtv
Ken Jeong,WWE Raw
Ken Jeong,MTV Movie & TV Awards
Ken Jeong,The Simpsons
Ken Jeong,LIVE with Kelly and Mark
Ken Jeong,"Ken Jeong: You Complete Me, Ho"
Ken Jeong,Dr. Ken
Ken Jeong,The Kims of Comedy
Ken Jeong,"Ken Jeong: You Complete Me, Ho"
Ken Jeong,Advantageous
Ken Jeong,Seoul Searching
Ken Jeong,Unqualified
Ken Jeong,Dr. Ken
Ken Jeong,The Seven Faces of Jane
Ken Jeong,Student/Athlete
Harry Shum Jr.,China Rich Girlfriend
Harry Shum Jr.,Untitled 'Crazy Rich Asians' Spin-Off
Harry Shum Jr.,Blue Eye Samurai
Harry Shum Jr.,The Hummingbird Effect
Harry Shum Jr.,Legion of Super-Heroes
Harry Shum Jr.,Everything Everywhere All at Once
Harry Shum Jr.,Step Into… The Movies with Derek and Julianne Hough
Harry Shum Jr.,Love Hard
Harry Shum Jr.,Broadcast Signal Intrusion
Harry Shum Jr.,All My Life
Harry Shum Jr.,Star Trek: Lower Decks
Harry Shum Jr.,Burn
Harry Shum Jr.,Escape Plan: The Extractors
Harry Shum Jr.,Heart of Life
Harry Shum Jr.,Tell Me a Story
Harry Shum Jr.,Crazy Rich Asians
Harry Shum Jr.,Station 19
Harry Shum Jr.,Single by 30
Harry Shum Jr.,"Crouching Tiger, Hidden Dragon: Sword of Destiny"
Harry Shum Jr.,Shadowhunters
Harry Shum Jr.,Fire City: End of Days
Harry Shum Jr.,Revenge of the Green Dragons
Harry Shum Jr.,Moms' Night Out
Harry Shum Jr.,Caper
Harry Shum Jr.,Singin' in the Rain: Raining on a New Generation
Harry Shum Jr.,The Eric Andre Show
Harry Shum Jr.,Already Gone
Harry Shum Jr.,White Frog
Harry Shum Jr.,Glee: The Concert Movie
Harry Shum Jr.,The Glee Project
Harry Shum Jr.,Glee Encore
Harry Shum Jr.,Mortal Kombat: Legacy
Harry Shum Jr.,Nuthin' But a Glee Thang
Harry Shum Jr.,3 Minutes
Harry Shum Jr.,The Fran Drescher Show
Harry Shum Jr.,Step Up 3D
Harry Shum Jr.,The Legion of Extraordinary Dancers
Harry Shum Jr.,Our Family Wedding
Harry Shum Jr.,Glee
Harry Shum Jr.,iCarly: iGo to Japan
Harry Shum Jr.,Rita Rocks
Harry Shum Jr.,The Onion Movie
Harry Shum Jr.,Step Up 2: The Streets
Harry Shum Jr.,iCarly
Harry Shum Jr.,Greek
Harry Shum Jr.,Grey's Anatomy
Harry Shum Jr.,Zoey 101
Harry Shum Jr.,Committed
Harry Shum Jr.,You Got Served: Take it to the Streets
Harry Shum Jr.,Broadcast Signal Intrusion
Michelle Yeoh,The Brothers Sun
Michelle Yeoh,ARK: The Animated Series
Michelle Yeoh,The Tiger's Apprentice
Michelle Yeoh,Rich People Problems
Michelle Yeoh,Star Trek: Section 31
Michelle Yeoh,The Legend of Nezha
Michelle Yeoh,Avatar 5
Michelle Yeoh,Avatar 4
Michelle Yeoh,Avatar 3
Michelle Yeoh,Wicked Part 2
Michelle Yeoh,Wicked Part 1
Michelle Yeoh,A Haunting in Venice
Michelle Yeoh,Transformers: Rise of the Beasts
Michelle Yeoh,The New Face of Hollywood – A Soul of a Nation Presentation
Michelle Yeoh,American Born Chinese
Michelle Yeoh,The Witcher: Blood Origin
Michelle Yeoh,Making The Witcher: Blood Origin
Michelle Yeoh,"Jean Todt, la méthode"
Michelle Yeoh,The School for Good and Evil
Michelle Yeoh,Paws of Fury: The Legend of Hank
Michelle Yeoh,Minions: The Rise of Gru
Michelle Yeoh,Everything Everywhere All at Once
Michelle Yeoh,Shang-Chi and the Legend of the Ten Rings
Michelle Yeoh,Gunpowder Milkshake
Michelle Yeoh,Marvel Studios Assembled
Michelle Yeoh,Nations United: Urgent Solutions for Urgent Times
Michelle Yeoh,The Hidden Kingdoms of China
Michelle Yeoh,Boss Level
Michelle Yeoh,Last Christmas
Michelle Yeoh,Iron Fists and Kung Fu Kicks
Michelle Yeoh,The Ready Room
Michelle Yeoh,Master Z: Ip Man Legacy
Michelle Yeoh,Star Trek: Short Treks
Michelle Yeoh,Crazy Rich Asians
Michelle Yeoh,My Legacy and I
Michelle Yeoh,Star Trek: Discovery
Michelle Yeoh,Guardians of the Galaxy Vol. 2
Michelle Yeoh,Morgan
Michelle Yeoh,Mechanic: Resurrection
Michelle Yeoh,Dragon Girls !
Michelle Yeoh,"Crouching Tiger, Hidden Dragon: Sword of Destiny"
Michelle Yeoh,Marco Polo: One Hundred Eyes
Michelle Yeoh,The Late Show with Stephen Colbert
Michelle Yeoh,Marco Polo
Michelle Yeoh,Chef Nic
Michelle Yeoh,Final Recipe
Michelle Yeoh,The Lady
Michelle Yeoh,Fucking Kassovitz
Michelle Yeoh,Kung Fu Panda 2
Michelle Yeoh,Reign of Assassins
Michelle Yeoh,Strike Back
Michelle Yeoh,"Rose, c'est Paris"
Michelle Yeoh,True Legend
Michelle Yeoh,Among the Great Apes with Michelle Yeoh
Michelle Yeoh,Babylon A.D.
Michelle Yeoh,The Mummy: Tomb of the Dragon Emperor
Michelle Yeoh,Far North
Michelle Yeoh,The Children of Huang Shi
Michelle Yeoh,Purple Mountain
Michelle Yeoh,Sunshine
Michelle Yeoh,The Graham Norton Show
Michelle Yeoh,Fearless
Michelle Yeoh,Memoirs of a Geisha
Michelle Yeoh,Silver Hawk
Michelle Yeoh,Hong Kong Stories
Michelle Yeoh,"Jackie Chan: Fast, Funny and Furious"
Michelle Yeoh,Best Ever Bond
Michelle Yeoh,Bond Girls Are Forever
Michelle Yeoh,The Touch
Michelle Yeoh,Ultimate Fights from the Movies
Michelle Yeoh,Grit & Polish: Heroines from Hong Kong
Michelle Yeoh,"Crouching Tiger, Hidden Dragon"
Michelle Yeoh,Moonlight Express
Michelle Yeoh,Vivement dimanche
Michelle Yeoh,Masters of the Martial Arts Presented by Wesley Snipes
Michelle Yeoh,Jackie Chan: My Story
Michelle Yeoh,Highly Classified: The World of 007
Michelle Yeoh,Tomorrow Never Dies
Michelle Yeoh,The Secrets of 007
Michelle Yeoh,The View
Michelle Yeoh,The Soong Sisters
Michelle Yeoh,The Stunt Woman
Michelle Yeoh,Top Fighter 2
Michelle Yeoh,Jackie Chan - From Stuntman to Superstar
Michelle Yeoh,The Daily Show
Michelle Yeoh,The Rosie O'Donnell Show
Michelle Yeoh,Shaolin Popey II: Messy Temple
Michelle Yeoh,Wonder Seven
Michelle Yeoh,Wing Chun
Michelle Yeoh,Tai-Chi Master
Michelle Yeoh,Supercop 2
Michelle Yeoh,Executioners
Michelle Yeoh,Holy Weapon
Michelle Yeoh,The Heroic Trio
Michelle Yeoh,Butterfly and Sword
Michelle Yeoh,Police Story 3: Super Cop
Michelle Yeoh,Easy Money
Michelle Yeoh,Magnificent Warriors
Michelle Yeoh,Royal Warriors
Michelle Yeoh,"Yes, Madam!"
Michelle Yeoh,"Twinkle, Twinkle, Lucky Stars"
Michelle Yeoh,The Owl vs Bombo
Michelle Yeoh,The Oscars
Michelle Yeoh,Today
Michelle Yeoh,Star Trek: Section 31
Michelle Yeoh,Billion Dollar Whale
Michelle Yeoh,Final Recipe
Michelle Yeoh,My Fair Gentleman
Michelle Yeoh,Silver Hawk
Michelle Yeoh,The Touch
Michelle Yeoh,The Touch
Jimmy O. Yang,Jentry Chau vs. The Underworld
Jimmy O. Yang,Interior Chinatown
Jimmy O. Yang,China Rich Girlfriend
Jimmy O. Yang,The Monkey King
Jimmy O. Yang,American Born Chinese
Jimmy O. Yang,Rally Road Racers
Jimmy O. Yang,Jimmy O. Yang: Guess How Much?
Jimmy O. Yang,Just for Laughs: The Gala Specials - Jo Koy
Jimmy O. Yang,80 for Brady
Jimmy O. Yang,Me Time
Jimmy O. Yang,Mike Judge's Beavis and Butt-Head
Jimmy O. Yang,Easter Sunday
Jimmy O. Yang,Minions: The Rise of Gru
Jimmy O. Yang,Beavis and Butt-Head Do the Universe
Jimmy O. Yang,Love Hard
Jimmy O. Yang,Wish Dragon
Jimmy O. Yang,The Opening Act
Jimmy O. Yang,We Bare Bears: The Movie
Jimmy O. Yang,Space Force
Jimmy O. Yang,Jimmy O. Yang: Good Deal
Jimmy O. Yang,Fantasy Island
Jimmy O. Yang,Like a Boss
Jimmy O. Yang,The Lego Movie 2: The Second Part
Jimmy O. Yang,The Happytime Murders
Jimmy O. Yang,"Juliet, Naked"
Jimmy O. Yang,Crazy Rich Asians
Jimmy O. Yang,Life of the Party
Jimmy O. Yang,El Camino Christmas
Jimmy O. Yang,Patriots Day
Jimmy O. Yang,Party Legends
Jimmy O. Yang,Another Period
Jimmy O. Yang,East of Main Street: Taking the Lead
Jimmy O. Yang,Battle Creek
Jimmy O. Yang,Fresh Off the Boat
Jimmy O. Yang,Silicon Valley
Jimmy O. Yang,Marvel's Agents of S.H.I.E.L.D.
Jimmy O. Yang,The Internship
Jimmy O. Yang,New Girl
Jimmy O. Yang,It's Always Sunny in Philadelphia
Jimmy O. Yang,American Dad!
Jimmy O. Yang,The Simpsons
Jimmy O. Yang,Jimmy O. Yang: Guess How Much?
Jimmy O. Yang,Space Force
Jimmy O. Yang,Jimmy O. Yang: Good Deal
Jimmy O. Yang,Jimmy O. Yang: Guess How Much?
Jimmy O. Yang,Easter Sunday
Henry Golding,The Old Guard 2
Henry Golding,The Ministry of Ungentlemanly Warfare
Henry Golding,G.I. Joe: Ever Vigilant
Henry Golding,The Tiger's Apprentice
Henry Golding,Rich People Problems
Henry Golding,China Rich Girlfriend
Henry Golding,Daniela Forever
Henry Golding,Downtown Owl
Henry Golding,Assassin Club
Henry Golding,Persuasion
Henry Golding,Star Wars: Visions
Henry Golding,Snake Eyes: G.I. Joe Origins
Henry Golding,Monsoon
Henry Golding,Fast Times at Ridgemont High: A Virtual Table Read
Henry Golding,The Gentlemen
Henry Golding,Last Christmas
Henry Golding,A Simple Favor
Henry Golding,Crazy Rich Asians
Henry Golding,Welcome to the Railword Japan
Henry Golding,The Tonight Show Starring Jimmy Fallon
Henry Golding,The Borneo Incident
Henry Golding,LIVE with Kelly and Mark
Chris Pang,Interior Chinatown
Chris Pang,Seagrass
Chris Pang,Joy Ride
Chris Pang,The Portable Door
Chris Pang,Blade of the 47 Ronin
Chris Pang,As We See It
Chris Pang,Palm Springs
Chris Pang,Charlie's Angels
Chris Pang,Empty by Design
Chris Pang,Crazy Rich Asians
Chris Pang,"Crouching Tiger, Hidden Dragon: Sword of Destiny"
Chris Pang,Superfast!
Chris Pang,Fist of the Dragon
Chris Pang,The Mule
Chris Pang,"I, Frankenstein"
Chris Pang,"Tomorrow, When the War Began"
Chris Pang,Empty by Design
Awkwafina,A Real Bug's Life
Awkwafina,Wildwood
Awkwafina,Untitled '21 Jump Street' Spin-off
Awkwafina,Grand Death Lotto
Awkwafina,Shelly
Awkwafina,The Baccarat Machine
Awkwafina,The Last Adventure of Constance Verity
Awkwafina,IF
Awkwafina,Kung Fu Panda 4
Awkwafina,Migration
Awkwafina,Once Upon a Studio
Awkwafina,Quiz Lady
Awkwafina,The Little Mermaid
Awkwafina,Renfield
Awkwafina,Maraschino Ruby
Awkwafina,The Bad Guys
Awkwafina,The Boys Presents: Diabolical
Awkwafina,Swan Song
Awkwafina,Shang-Chi and the Legend of the Ten Rings
Awkwafina,Marvel Studios Assembled
Awkwafina,Raya and the Last Dragon
Awkwafina,Breaking News in Yuba County
Awkwafina,The Drew Barrymore Show
Awkwafina,The SpongeBob Movie: Sponge on the Run
Awkwafina,One World: Together at Home
Awkwafina,Call Your Mother
Awkwafina,Awkwafina is Nora From Queens
Awkwafina,Jumanji: The Next Level
Awkwafina,Between Two Ferns: The Movie
Awkwafina,A Little Late with Lilly Singh
Awkwafina,The Dark Crystal: Age of Resistance
Awkwafina,Paradise Hills
Awkwafina,The Angry Birds Movie 2
Awkwafina,The Farewell
Awkwafina,Weird City
Awkwafina,JablinskiGames
Awkwafina,A Legendary Christmas with John & Chrissy
Awkwafina,Reimagining The Met Gala
Awkwafina,Ocean's Team 3.0
Awkwafina,Crazy Rich Asians
Awkwafina,Ocean's Eight
Awkwafina,Dude
Awkwafina,Future Man
Awkwafina,Storks
Awkwafina,Mary + Jane
Awkwafina,Neighbors 2: Sorority Rising
Awkwafina,Bad Rap
Awkwafina,Animals.
Awkwafina,Hot Ones
Awkwafina,73 Questions
Awkwafina,Off Camera with Sam Jones
Awkwafina,Regular Show
Awkwafina,The Ellen DeGeneres Show
Awkwafina,The Simpsons
Awkwafina,LIVE with Kelly and Mark
Awkwafina,MTV Video Music Awards
Awkwafina,Saturday Night Live
Awkwafina,Quiz Lady
Awkwafina,Awkwafina is Nora From Queens
Awkwafina,The Boys Presents: Diabolical
Awkwafina,Awkwafina is Nora From Queens
Awkwafina,Awkwafina is Nora From Queens
Marcus Mok,"Stigma, Style"
Marcus Mok,The Algorithm
Marcus Mok,Crazy Rich Asians
Marcus Mok,A Yellow Bird
Marcus Mok,Bunga Tanjong
Marcus Mok,Blackhat
Lisa Lu,The Story of the Stone
Lisa Lu,American Born Chinese
Lisa Lu,Rally Road Racers
Lisa Lu,The Disappearance of Mrs. Wu
Lisa Lu,影响：改革开放40年的中国电影
Lisa Lu,Crazy Rich Asians
Lisa Lu,An Impossibly Small Object
Lisa Lu,A Journey Through Time with Anthony
Lisa Lu,12 Golden Ducks
Lisa Lu,Dangerous Liaisons
Lisa Lu,Somewhere
Lisa Lu,Apart Together
Lisa Lu,2012
Lisa Lu,Dim Sum Funeral
Lisa Lu,Orchestrated Mayhem: The Making of Invisible Target
Lisa Lu,"Lust, Caution"
Lisa Lu,The Postmodern Life of My Aunt
Lisa Lu,Invisible Target
Lisa Lu,Hollywood Chinese
Lisa Lu,The Beauty Remains
Lisa Lu,Qianlong Dynasty
Lisa Lu,All-American Girl
Lisa Lu,I Love Trouble
Lisa Lu,China: Beyond the Clouds
Lisa Lu,Temptation of a Monk
Lisa Lu,The Joy Luck Club
Lisa Lu,Hiroshima: Out of the Ashes
Lisa Lu,The Last Aristocrats
Lisa Lu,Guandong Heroine
Lisa Lu,The Last Emperor
Lisa Lu,Harry's Hong Kong
Lisa Lu,Lotus
Lisa Lu,Tai-Pan
Lisa Lu,Pledge in Quick Sand
Lisa Lu,Sewing Woman
Lisa Lu,Hammett
Lisa Lu,"Don't Cry, It's Only Thunder"
Lisa Lu,Saint Jack
Lisa Lu,Demon Seed
Lisa Lu,The Last Tempest
Lisa Lu,The Empress Dowager
Lisa Lu,Terror in the Wax Museum
Lisa Lu,Anna and the King
Lisa Lu,The 14 Amazons
Lisa Lu,The Odd Couple
Lisa Lu,The Arch
Lisa Lu,Golden Horse Awards
Lisa Lu,Womanhunt
Lisa Lu,Rider on a Dead Horse
Lisa Lu,The Mountain Road
Lisa Lu,Hong Kong
Lisa Lu,Hawaiian Eye
Lisa Lu,Bonanza
Lisa Lu,China Doll
Lisa Lu,"Have Gun, Will Travel"
Lisa Lu,Lotus
Lisa Lu,Saint Jack
Gemma Chan,China Rich Girlfriend
Gemma Chan,The Actor
Gemma Chan,Untitled 'Crazy Rich Asians' Spin-Off
Gemma Chan,Untitled Anna May Wong Biopic
Gemma Chan,The Creator
Gemma Chan,Extrapolations
Gemma Chan,Don't Worry Darling
Gemma Chan,Marvel Studios Assembled: The Making of Eternals
Gemma Chan,The Afterparty
Gemma Chan,L'Oreal Paris Women of Worth
Gemma Chan,Eternals
Gemma Chan,Raya and the Last Dragon
Gemma Chan,Let Them All Talk
Gemma Chan,Intrigo: Dear Agnes
Gemma Chan,I Am...
Gemma Chan,Captain Marvel
Gemma Chan,Mr. Malcolm's List
Gemma Chan,Mary Queen of Scots
Gemma Chan,London Fields
Gemma Chan,Crazy Rich Asians
Gemma Chan,Leading Lady Parts
Gemma Chan,Revolting Rhymes
Gemma Chan,Stratton
Gemma Chan,Transformers: The Last Knight
Gemma Chan,Revolting Rhymes
Gemma Chan,Fantastic Beasts and Where to Find Them
Gemma Chan,Everyday Performance Artists
Gemma Chan,Families
Gemma Chan,Love Is a Four Letter Word: Worth Seven Points
Gemma Chan,Humans
Gemma Chan,The Game
Gemma Chan,The Double
Gemma Chan,Jack Ryan: Shadow Recruit
Gemma Chan,Dates
Gemma Chan,Shetland
Gemma Chan,True Love
Gemma Chan,Death in Paradise
Gemma Chan,Fresh Meat
Gemma Chan,Submarine
Gemma Chan,Bedlam
Gemma Chan,Sherlock
Gemma Chan,Shanghai
Gemma Chan,Pimp
Gemma Chan,Doctor Who: The Waters of Mars
Gemma Chan,Exam
Gemma Chan,Secret Diary of a Call Girl
Gemma Chan,When Evil Calls
Gemma Chan,The IT Crowd
Gemma Chan,Doctor Who
Gemma Chan,Untitled Anna May Wong Biopic
Gemma Chan,I Am...
